# Resource object code (Python 3)
# Created by: object code
# Created by: The Resource Compiler for Qt version 6.11.2
# WARNING! All changes made in this file will be lost!

from PyQt6 import QtCore

qt_resource_data = b"\
\x00\x00\x05W\
\x89\
PNG\x0d\x0a\x1a\x0a\x00\x00\x00\x0dIHDR\x00\
\x00\x000\x00\x00\x000\x08\x06\x00\x00\x00W\x02\xf9\x87\
\x00\x00\x00\x09pHYs\x00\x00\x0b\x13\x00\x00\x0b\x13\
\x01\x00\x9a\x9c\x18\x00\x00\x05\x09IDATx\x9c\xed\
\x98IL\x1bW\x18\xc7\x87Vm\x8a\xcd\x12\xb6\xd8\xac\
\xc6f1;\x18\xd4T\xbd\xf4\xd2C/=\xf5R\xf5\
\xd0K\xdbT\xaaT\xa9R\xd5\xa8U+\x05\xb5b'\
\x18\xb3\xefa3\x98\x98@\x83\x03\x0e`\xacJUS\
\xb5\x15{ 0\xdeW0\x99a\xc6\xa9\xa2\xa0(*\
_5>\xdaQ\x07\xcf\x1b\xac\x1e\xf8Ks\x1d\xfd~\
o\xde\xf7\xe6\xfb\x1e\x86]\xe4\x22\x17\xe1%o\xfer\
$\xaeX>\xfe\xa8|\x89\xbaY\xb6H-\x94\xe9\x8f\
WK\x17HK\xf1\x02i-\x9e'W\x8bu\xc4\xfd\
\x22\x1d\xd1Z\xa8#>\xce\xbbG\xa6c\xff\x87T\xe9\
\xbc\x82\xf2e\xfa\x9a\xc2@\xffV\xb1t|Z\xbeD\
A\xf9\x22\x05e\xf7\x8f\xa1T\x7f\x0c%\x0b$\x94\xcc\
\x93P|\x8f\x80\x22\x1d\x01\x85s\x04\x14\xde}\x0c\x05\
??\x06\xf9\xec\xd1_\x05w\x8e\xbe\x94\xdf%b#\
\x0e^\xa4\x85\xd7+\x8d\xf4u\xc5\x0au\xa40\xd0P\
\xb1LA\x98\xf0 \x9f9\x82\xfc;G\x907\xed\xa3\
r\xb5\xbe\x1b\x19ZWtD\xe0\x15\x86'o+V\
\xe8=\xc5\x0a\x0d<\xc0C\xae\xd6\x07\xb9\xb7\x0fA\xa6\
9\xb0\xc94\xbew\xcf\x15\xbe\xd2H\x7f\xa3X\xa1_\
\xf0\x0d\x9f3\xc5\x08\x1c\x82l\xd2\xfb\x8fT\xed\xfd\x11\
\x03\x88\xe2\x97\x1c \xaa\xd2\xe8o\xa94\xfa\xe1\xfc\xe0\
\x0f@:q\x00\xd9j/H\xc6=\xea\xaa\xbe\xd5\xd7\
x\xe3\xaf2\xfaU\x91\x83\xf7\x82d\xcc\x0bY#n\
\x0dV\x0d\xaf\xf0\x01\xff]\xc4\xe1G=\x909\xe2\x81\
\x8caW\x03\x12\xbc\xc2H\xbd\xc3u\xcf\xcb\xb5n\xc8\
S\x9b!o\xdc\x0cy\x1a\x17\x07x7d\x0c\xb9N\
\xd3\x86<\xefs\x82\xcf\xd5\xc3\xa5J#\x8ds\x81/\
\xd2\xd8@\xfd\x88\x00\xea\xe4E\xe0\x19\xdf! \x7f\xdc\
\x12\x1e\xfc-7\xa4\x0f\xb9!m\xd0\xe5\x93\x0c\xdb/\
\x87-P\xb9\xe2\xbf\xc1i\xe5\xa7=P\xf3\xc7\x01\x04\
\xe7\xa7\x07^\x90\xa9]\xe1\xc2C\xda\x80\x0bR\xfb\x1d\
\xca\xb0\xe0\xaf\xea\xc98\x85\x81\xa2\xb9\xec\xf9\xfc)'\
L>\x22C\x04&v\x08\x90\x8e\xda9\xc0;A\xd4\
\xeb<I\xeap\xa6\x9dY@a\xa0\xbf\xe6Z\xb0\xf9\
Z/\x5c[v\x84\x08|\xa2\xb7\x83t\xdc\x156\xbc\
\xb8/ \x00\xa2nG\xcd\x99\x05*\x96\xe9-\x94\xd3\
&Gm\x83\xcf\x97\x1cp\x17'\x03\xcf\xa7\x0c\xfc\xb0\
\x85;|\x8f\x03R\xba\x1c\xce3\x1d\xabe\x86'\xf9\
\xbc\x1c\x95\x1a\x0f\xc8Fm \x1d\xb1\x81L\xedF\x82\
\xbf\xd2\xcd\x08\xd8!\xb1\xd3\xf6\x16\xfb\xea\x1b\xa8/P\
\xe1s\xc6\xac\x90=\xb0\x0b\x92\xfe]\x90\xf4\xed@V\
\xef\x0eH\x86\xccH\xf0\xc9\x9dvHn\xb7~\xcf\xfe\
\x05\x16\x8f\x87Q\x7fR\x0c|p2\xbb\x1f\xa2\xc1w\
\xd8 \xb1\xcd:w\x06\x01\xeaw\xd4?,\xb3\xea!\
\x02]\xdbH\xf0I\xed6HPY\xf7\xd8\x05\xf4\xa4\
\x13\xb5=\x90\xf4>\x0c\x11\xc8\xe8\xdcB\x82Olc\
\x04,OY\x05J\xf5$\x85\xda\xdbd\xf5\x84\x0a\xa4\
wl!\xc1'\xaa\xac\x90\xa0\xb4\x9cbZx\xf5?\
\x05\x8a\xe7\x09?jc\x96\xd9\xbd\x1d\x22\x90\xd6\xb1\x89\
\x06\xdfj\x85\xcbJ\x0b`lmv\xc9<\xe9E\xed\
*_*\xd0\xbe\x89\x0c\x1f\xdfb>a\xddB\xc5:\
b\x03\xb5%f\x0a68\xa9m\x9b\x88\xf0\x16\x88k\
6;Y\x05\x8a\xe6\x88)\xd4~\x9e)\xd8\xe0\x88U\
\x1bH\xf0\xf1\xcd\x16\x88m4/\xb1\x0a\x14\xcc\x11\xdf\
\xa2\x0e#L\xc1\x86\x08\xb4n \xc1\xc75\x99\x19\x81\
F\xf6/0K^E\x9d\xa4\x98\x82\x0d\x8eH\xb9\x8e\
\x0a\x0f\x82\x06\xf3{\xac\x02\xcc1%\x9f\xf5y\xb8\x8f\
\x81\xee@\xc1\x06\xe7J\xcb:\x12\xbc\xb0\x01\xf7c\xd5\
\xf67\xd8\x050\x0c\x93\xcf\xf8\x1a\xb9\xc23G%S\
\xb0\xc1I\xb9\xb9\xce\x19>\xa6\xc1\x04\xc2z|\x10;\
kdZoV\xee\xb4\xef9\x17x\xe6\xa8d\x0a6\
D\xa0y\x8d3|L\x1d~*\xac\xdd/\xc3\xc2I\
\xcem\xdf-\x8e3l\xa0`\x83\x93\xdc\xb4\xc6\x0d\xbe\
\xde\x04\xc2Z\xd3,\x16n\xa4\x93>Q\x8e\xe6\x90\xe6\
2\xc3\x8a\x94\xa1\x02IM\xeb\x1c\xe1\xf1g\x97\xeaq\
Y\xd8\x02\x01\x89\x09\xdfg\x9cf\xd8\x8e\xbd\xc0\x9eg\
\xb6\x0d\xb3\xf2I\x8dk\x90\xa4\xdc\x0d\x1f\xbe\xce\x04\x82\
\x1a\xfc:\x86\x92l\xf5\xc1$\xea$\xc5i\xe5\xebL\
\x10]\xb3\xbf\x80|O\xca\x5c{K\xc6<\xbfF\x1c\
\xbe\x16\xdf\x8e\xaf\xe6p\x1f\xf4\xb20\x17K\x99#\xee\
\x07\x11\x5c\xf9MA\xd3\x8e\x18\xe33\xa9}^A\xc6\
\xb0k&\x02\xf0K\x09\x0d\xd6x\xec\x5c\x02\x10\x95>\
\xe8\xfe*u\xc0\xf9\xec\x1c\xe0\x9f\x0bj\xf0\x1fx\xb9\
\x91f\x8b\xa8\xdf!\x15\xf79g\xc5\xbd\x8eS~\xe0\
\xf1\xc5\x98\xda\xfd\x02,\xd2I\xe9\xb1\x95\x8bz\xecc\
)\xdd\xf6\xa7\xe1\xc3\xe3'1\xf5\xa6\xa9\xe8:\x9c\xfd\
\xae\xe7\xdcE:wb\x12\xbb\xec\x1f$\xb7\xdb:\x93\
\xdal\x7f&\xaal\xfe\xd0a\xc4\xf2wl\xa3i5\
\xb6\xc1\xd4'\xac\xdb\xff\xf0\xfc\xf69O\x115\x1f\x0a\
\x85*\xabH\xa0t\xa42\x82|\xbd\xf7\x22\x17\xc1\xf8\
\xcd\xbf\x85m\xcc\xe6\xe0\xe0\xa8L\x00\x00\x00\x00IE\
ND\xaeB`\x82\
\x00\x00\x05\x22\
\x89\
PNG\x0d\x0a\x1a\x0a\x00\x00\x00\x0dIHDR\x00\
\x00\x000\x00\x00\x000\x08\x06\x00\x00\x00W\x02\xf9\x87\
\x00\x00\x00\x09pHYs\x00\x00\x0b\x13\x00\x00\x0b\x13\
\x01\x00\x9a\x9c\x18\x00\x00\x04\xd4IDATx\x9c\xed\
\x99\xdbO\xdag\x18\xc7\x7f\xb1sQD+ \xe7c\
;kgv\xb9li\xaf\x9a\x89\xe2\x09\x0f\x88\x9c\x95\
\x93\xc6e\x7f\xc1\x16o\x88\xd5\x15\xd0\x16\x91\xa3\x1c\xb4\
:O\x15\xd0&\xed\xba^t\xeb\xf5\x92m\xcd\xb6\xd4\
&m\x9a\xba\xd9fY\x8b\xf4Zz\xf3,/n\xc6\
N\x85\x1f\xf2\x03\xb6\xc4o\xf2^\xf3\xf9><\xef\xfb\
>\xef\xf7\x87a':\xd1\x89rWDqJ\x181\
_\x14\xae\x1a\x87\x05\xab\xa65\xfe\x8aaC\xb0b|\
\xcd[\xd1\xbf\xe1-\xf7\xbf\xe1.\xe9_s\x17\xfa\x1e\
\xf2\x16\xfa\xd6\xb8\x0b\xbaa\xee\x82\xee\x02f\xb1\x94`\
\xc5\xd6{7\x8d|ad\xc0&\x8a\x9a_\x08#&\
\x10\xae\x9a@p\xc3\x08\x82\x15#\xf0W\x0c\xc0_\xd6\
\x03oI\x0f\xbc\xc5\xfe\xd4\xe2.\xf4\x01\xf7+\x1dp\
\xe6u\xc0\x9e\xd3<g\xcdi\xad\xdc\xa0\x8eWp\xf0\
\xda\x88\x89.\x8c\x9a\x03\xc2\xe8@R\x145C\xb6\xf0\
\x9cy-\xb0\xe7\xb4\xc0\xbe\xae\x01\xe6\x8c:\xc9\x9cU\
\xf9\xd9\x01MMA\xe0\xcf\xc6\x06\xb4\xa2\x989!\x8a\
\x0e@\xae\xf0\xacY\xf5\xee\x9aQ\x01#\xa4\xdaf\x06\
\x94\xea\xbc\x81\x7f\x18\x18*\x15\xc5\x06C\xa2\x18\x02'\
\x16\x9e\x19V\x013\xa4\x04FH\x01\xf4\xa0b\x1a\x0b\
\x0c\x95\x12\x0a\xcf\xbe5D:\x13\x1b\xf8&\xdf\xf0\x8c\
\xa0\x02\xe8\x81^\xa0O\xf7\xdea\x07\xa4$\xc2*_\
`x\xa0O\xcb\xa1\xc6/\xbb\x87E\x14\xef\xe6l\xa0\
\x10m\xc38\x00\xdf\x035\xbe\x1e\xa0zd\xfe\x9c\xe0\
\xcf\xac\x0d\xea\x8a\x05O\xf3\xca\x80\xe6\x91\x01\xc5\xd5\xa5\
:\x16<g\xbd\x9f&\x8c\x99\xe3\xc5\x84\xa7z\xba\x81\
\xea\xeeL\x90\xafJ\xb3?b\xd19_|\xf8.\xf4\
\x0f\x00e\xaa\xd3\x9b\x15|\xed\xda \x8f\x88K\x0a\x17\
\xbc_\x0e5^Yj\x1d\x01\x0f\x94\xa9\x8e$\xc5)\
\x15\xe0\xaf\xfe\xeex\x90\x7fx_\x0f\xb0'e\xf0\xe9\
\xadq8;\xa5\x02\x9a\xab\xfb\x10\xf8N\xa8vv\xc0\
\xe9\xc9v+>z\x8b\xa5D\x181=/\x04<\xcb\
\xd1\x0dw\x9f|\x0fHO\xb6\xb7\xe0\xbc[\x07T\x04\
\xfd/\xf8\xeaI)T9\xa4/\xd0\xd0\x88\xa3\xfa\xe6\
\x8b\x05\xa9\xbcC\x06\xf7\x9e\xfe\x00\xfb\xf5\xe0\x8f\xc7P\
mo;\x00\x7f\xda\x81V;T]k\xff8\xb3\x81\
U\xe3p1\xe0\xf7\x0c\xd8Z\x8f\x82\x87\xaa\xabm_\
d4 \xb8a\x5c\xc7\x05?\xa7\x05\xce\xac\x06\xd8\xd7\
\x8f\xdf6\xfb\xf58\xbe\x05uN5P&;\x8e\x82\
\x87\xca\xf1\xd6(\x1e\x03\x0f3\xc2\xcfj\xe1\xfd\xb0\x01\
>\xbb\xeb\x00\xbe_\x0d\xac\xb0*\xa7\xca?z\xb9\x09\
\xb5NUz\xf8\x89V\xa8\x1co\xf95\xb3\x81eC\
\x22\x13\xfc\x07a\x13<\x8a\xff\x96\xfa\xf1\xfb\x9b\x0f\x80\
\xefU\x02+\xa4\xcc_\xe5'Zw\x97\xbd9\x9e\xd1\
\x00o\xd9\x90L\xd7\xf3,_/\xfc\xfc\xe7\xd3\xb7 \
\xbe}\xf6#p\xdd\x0a`\x06\x14\xf9\xa9\xfcD\xaa\xfa\
@\xb65\xefd6\xb0\xa4O\xa6\xdb\xb0L\xefA\x03\
\xff\x98\xe0\xb8\xe4\xc0@\xd0\xf9\x80\xb7\xb7\x00\xd9*\xc9\
l\x80\xbb\xd8\x9fH{\xda\xcc\xa8\xa1>h\xd8k\xa1\
\xfd\xba\xff\xec'\xe0L\xc9\x81\xee\x93\x13\xd76\xe3\x7f\
\xc3\xdb\x9a\x81d\x95dn\xa1Tz\x90\xe9\xa8\x0c\xab\
\xa0>\xa0?\xd4\xc4w\xc8\x84SN8|\x85M\x02\
\xa4+\x92\xcc\x9b\x98\xbb\xd8\xb7\x8e\xeb\x9c\x0f*\xa1~\
\xfap\x13\xa8e\x08k\x1b\xdb.|\x85\x15\x19h\xcc\
|\x8c\xa6r\x1b\xbc\x97T\xa0\x17\xce\xfb\xfaa\xe3\xd5\
\xe6\x01X\x22+_\x91\x82o\x02\xd2X\xe3\xe7x\x0c\
\x5c\xc8\xea\x86\xf5\xcb\xa1\xce\xdb\x97\xd6\x04!\xf0_6\
A\xf9\x88\xf8#\x5c\xc3\x1c{^\xbb\x95\xedxP\xe7\
\xd1\xc2\xc6\xcb\xcd\xfc\xc1\x8f6\xfe\x8e;\xcdC\x89Y\
\xd6\x8f\x11\x8f\x0c\xce\xb94o\x99 \x0c~\xac\x11\xca\
G\x1b\xae\xe0\x82O\xb5QP\xc7C\x89Y\xd6/)\
W7\x9c\x9b\xd2\xa4\x862\xb4r\xdb\xb0M\xfb\xe1w\
\xca\xc7\x1a\xb8X6Bq\xdf\xb1\x9e\x81h\x92\xb4\xb7\
\xedN\x95D\xc0\x8f\x89\xa1lT\xec\xc6\xb2\x15/\xa4\
\xa02\xc2\xca\xf81\xdf\xb0\xe9F\xe2\xec\xe0/7l\
\x93-\x97\x8e\x97\x9b\xa2\xac\xb2\x98\xf0\xe5\xa3b(\x1f\
iP`\xb9\x08e\x95\xc5\x82/\x1b\xf9\xc4\x83\xe5\xac\
\x88\xe2T\x8d\xbf\xf7f\xc1\xe1/7|\x8dY.\xbd\
CL\xb8\x1b\x90\x92h>\xd9\x9d\x02V\xfe6f!\
(\xdc\xddS`\xa8\x14e\x95\x05i\x1b\x0bA\x95?\
L(\xab\xa4\xba\xba\xe2y8m^\xe5\xbca\xf1\xaa\
\xd2\xddMCq\x1f\xc5\xd9\xb9C\xc4%U6*v\
WY$T\xac\xd0\xa2^k\xe7\xa2\xc4\xac\xca\xd1\xbe\
\x95=\xbcx\x0b\x8d\x07Y\xdf\xb0y\x91\xc5R\x82B\
'\x94\xdb\xa0\xe8\x03\xa5\x07d{K\x82loN\x92\
m\x92$\xc9\xda\x94 Y\x9b~A\xf3<\x1a\x89S\
S\xe5\x7f\xe13\xeb\x89N\x84\xfd\xff\xf5\x17h7\xef\
=t]|*\x00\x00\x00\x00IEND\xaeB`\
\x82\
\x00\x00\x06\x9d\
\x89\
PNG\x0d\x0a\x1a\x0a\x00\x00\x00\x0dIHDR\x00\
\x00\x00@\x00\x00\x00@\x08\x06\x00\x00\x00\xaaiq\xde\
\x00\x00\x00\x09pHYs\x00\x00\x0b\x13\x00\x00\x0b\x13\
\x01\x00\x9a\x9c\x18\x00\x00\x06OIDATx\x9c\xed\
ZkoTE\x18>\xfd\x22\xfe\x0bbwfwf\
\x97\xdd\x99\xb6j\xa5B\xfc\x02\xe5&\x04j/\x88\x18\
QZ1\x02U\xa4\xa5\x10\x1bH\xb4j\xaf\xb4U\x01\
\xd1PH\xe4\x83\x11\xc4\x16mK,\x88\xe1\xa2\x16E\
\x0d\xde\xa2\xe2\x0dA\x8dX\xb4KI\x0am\x19\xf3\x9e\
r\x96\xb3s\xce\x96\xee2g\xcf\x22\xfb$O\xb2\xd7\
\x99y\xde3\x97\xf72\x9a\x96F\x1a\xca\x11\xf4\xf9|\
\x0c\xfb\x971L\xb6pD\x0e0LNrL\xce1\
D.\x01\xf5\xd7\xf0\xd9\xe8w\x9b\xe1\xb7!B\xbc\xda\
\x8d\x8c,\xaf7\xc4\x11m\xe2\x98\xfc\xc61\x15\x89\x91\
\x9cb\x886B[\xda\x0d\x82\x0c\x86\xc9\x1c\x86\xe9\xd1\
\xc4E\xc7 \xa2G8\xa6\xb3\xa1\x0f-\x15\x91\xed!\
9\x1c\x91^\xe5\xc2%2L?\x0azH\xb6\x96*\
\xb8g\xe2\xc4[\x19&-\x0c\xd3\xe1X\x83\xbe}\x12\
\x17\xd3\xe7\x15\x88\x92U\x95bi}\xb3X\xb9}\xa7\
\xa8\xd8\xd5!\xd6\xee\xed\xd6\x09\xaf\xcb\xb7\xbf.\x1e\xa9\
\xdb\xa8\xfff\xda\xbc\x02\xfd?c\x18\x01\xfajF\x08\
MpU|\x96\xc7\x8f8&\x9f\xd9\x0e\xd4\xeb\xd7\x85\
<\xfc\x5c\xbd\xa8j\xef\x14\xeb:\xdf\x8b\x8b\xf0\x9f%\
5uz\x1b\xd0V\x0cc\x1c\xcfA\x01\x8fK\xe2\xc9\
d\x8eH\x9f\xdd\xc0f\xde\xb7P\xacxmG\xdc\xa2\
cq\xf9\xab\xdb\xc5\x8c\x82b\xfb\xd9\x80\xe8\xdf!L\
s\x93*\x9e!\x92\xcf\x11\x19\x90\x07\x937y\xaa(\
\xdb\xf8\x922\xe12\xcb\x1a[E\xde]Sm6H\
2\xc0\x11\x99\x9e\x1c\xf1\xd8\x7f\xa7\x9dxx\xea\x15\xbb\
;b\x0e\xbe\xe1\xe0a\xd1\xf1\xd5\xb7\xe2\x8b3\x7f\x88\
3\xfdaq\xe1\xe2%1|\xf9r\xdcF\xa8\xdc\xf3\
\x8e\x98U\xfc\x80\xcd\xbe@.p\x8f/\xcf\xf95\x8f\
\xac\xd3\xbe\xb8|\xb5\xed`\x9f\xee\xea\x11o|~B\
\xfcz\xee\x1f\x11\x0b\x89\xce\x86\xa2\x95\xab\xec\x96\xc3\xd9\
 \xc6\x99\x8e\xed\xf6\xdcf\xc3[\xb4\xb6\xdav\x80m\
\xbd\xc7\xc5\xd9\x81\x81\x88\xd0\xc1\xa1!\xfd\xe9\xef9\xf1\
\xb5\xd8t\xe4cQ\xd3\xf3\x81\xa8\xee\xea\xb9\xae%\x01\
}\xdb\x18\xe1\x13GN\x07\x86I\x8b\xdcY\xd1\x13\x15\
\x96A\xad\xdf\xb7_\x1c;u:\x22<<8(\xda\
\xbf\xfcF\xac\xdfw\xc0\x91}!\xc6LhT\xee\xe4\
0\xe9\x9c\x9fU\xbc\xc82\x18x\xaa\xa7\xff\xed\xd7\x85\
\x0f\x8d\x8c\x88\x9e\xefN\x8a\x0d\x0e\x097s\xf6\xc2\x07\
-~B\x08\xd1,U\xfa3d\x0f\x0fv\xfb\xca\xb7\
\xf6Z\xc4\xffu~t\xca\x87\x07/\x8a-\x1f\xf6:\
.<\xb21\xee\xee\x10y\xb9S,\xae\xb3\x12\xf5\x0c\
\x939\xf2\x14+ml\xb5L{\xe3\xc9\xff\x19>/\
j\x0f\x1cJ\x9ax\x83eM/Z\x96B\xc8\xe3\x9b\
\xa1\xc0\x00\xf4\xa8|\xdc\xc9\x9d\x1bk\x1e\x9e\xbc\x1b\xe2\
\x0d\xe6\xcb\xce\x12\x22\x87\xaeK|(\x93L\x92\xdd\xdb\
\xc7\xb7\xb6Eu\xba\xad\xf7xd\xcd's\xda\xc7\xf2\
\x18e\xb79\xe8\xf3\x05\x136\x00\xd7\xe3\xf9\xab\x8dA\
@#\x9f\xf3\xc6Q\x07\x1b\x9e\x9b\xe2\x0dN\x9b\xbb@\
\x9e\x05\xf5\x89\x1b\x00G'3 \xb01w\x06N\x8e\
q\xd4%c\xb7\x1f\x0f\x97\xd4\xd4JG\x22\xf9%\xe1\
4\x16\x97BZ9\xaa3<<8\xe7\xdd\x16n\xb0\
\xaa\xfd]\x91\x13\x08E\x19\x01<\xd8\xb8\x0d\x90\x85\xe8\
ccM\x7f\xf0\xed/_\xf1\xf0\x9crrT-\x03\
\x86\xc9\xa3q\x1b\x80a\xb2\xd9\xdcH\xc9Sk\xa2:\
\x81\xc0\x06\x00\xee\xad\xdb\x82eBRE\xf2\x09^\x8e\
\xdb\x00\x1c\xd3\xf7\xcd\x8d@&\xc7\xdc\x09\x08\x07\x80o\
\xef\xb6`\x99Kk\x9b\xe4}\xa0'~\x03 \xfa\xb3\
\xb9\x91\xf2\x1d;\xa3:\xf9\xbd?\xac\x1b\x00\x02\x1b\xb7\
\x05\xcb\x84\xf4\x9a4\x03~L\xc0\x00$*\xec]\xbd\
\xab=\xaa\x13\x88\xe7\x015=\x07]\x17,\xb3\xe2\xcd\
=\x9609\x11\x03\x5c47R\xb5\xb7;\xaa\x93\xe1\
\x91\x11\xdd\x00\xd5\xdd\xfb]\x17,\xb3\xaa\xa3Kv\x8b\
\x07\x95\x1b`]\x0aS\x95\x01\xfa\xc6Z\x02\xa9LE\
K\x80\xfedn\x04r\xf9n\x0b\x1b/\xcb\xdb\xa27\
A\xa8;*?\x06\xd7\xa50\x95\x1c\x83Lv\x84V\
U\xba.l\xbc,~R\x81#\xc4\xb0\x7f\x99\xb9\x11\
\xa8\xd0\xb8-l\xbc\x9cv\xef|y\x09\x94\xc5m\x80\
\x10!\xdek\x05C\xa9\xc85ow\xaa\x09\x86\x00P\
\x9f77\x04\xb5:\xb7\x05^\x8bK\x9e}AM8\
\x0c\x80\xf4\xf2\x8d\xb6\x0c\xe4\xe9\xcf1\xa9\xd3\x94\xa5\xc4\
0\x15\xcb_\xd9\xe6\xba\xc8X\x5c\xbe\xb5MmJ\x0c\
p\xe5fF\xa4A\xa8\xd2\xba-4\x16\xf3\xe7\x17\xaa\
M\x8a\x02\xe0Z\x8a<\x0bJ\x1bZ\x5c\x17+\xb3\xb4\
\xa9\xd5\x92\x16\x87*\xb6\xa6\x00\x19p-\xc5\xdc0\x94\
\xa8\xa1\x18\xe1\xb6h\x83P\x95\x9e\x9c{\xb7\xfc\xf4\x0f\
k\xaa\x10\xf4\x90l\xb946\xb3\xe8~\xd7\x85\x1b\x9c\
U\xb2X:\xf7\xe90\xc3~\xae\xa9\x04\xc7\xb4Y\x9e\
bP\x98t[|\xe1\x0a\xbb\xe2(i\xd0T\x03!\
4\x81a\xfa\xe9x\xcb\xe3\xc9\xe0\xa2*\xbb\xf289\
\xe6\xf7\xfbo\xd1\x9c@\x0e\x0ax\xe0NN*\xcc\x04\
\xfb'O\xc3!\xaf\xf76\xcdIpo\xe0\x0e\x8e\xc8\
y\xb9s8\x1e\xe1\xba\x9b\xd3\xc2\xa1*\x0d\xa5y\xb9\
\xff+k\x7f\x84!\xba\xd8Q\x03\x00\xe0B\x92\xed%\
\xa9\xdc)\x96\xca\xb1J.mh\xb6\xee\xf6\xd6%0\
\x14\xf2\xd2\x12\xcdi\x840\xcd\x85L\x8b\xdd \xf2\x17\
\x14\xe9^\x99*\xe1\xe0}Z\x9c\x9c\xab\xecg\x88\x0c\
[N\x81d\xcc\x84 \xc6\x99p''\xe6E\xc9\xb9\
\x0b\xf4\xe0\x04\xcaU\x89Du\x0f=\xf3\xbc\x8do\x1f\
\xbd\xe1\xc1\x9a\xe7\xc8_\x08O\xde\x15# 8\x1d\x10\
m\x94\x07`&\x84\xa7`\x0cHT@\xb6\x06RV\
\x90c\x84D+\x10^\xc3g\xf0\x1d\xfc\x06D\xcb!\
\xad<\xcd\xe1\xa83\xef\xf6\xae\x1a\x01\x00\x8e\x87\x1c7\
8BD\x0es\x1c`\x9a\x0d\x5c7\x02\x00\xae\xa5@\
\x10\xe2\x80\xf0C\xe3\xf1\xedS\xc2\x08\x91P\x1a\x91z\
HH$*z\xf4\xbf\xa4\x0e\xda\xd2\xe2@\xca\x18\xc1\
\x00\xa4\xa4 /\xc70\xdd\x04\x19Z\x86\xc9\x0fz\xdd\
\x01\x8a/\xa3\xecc\x98|?\xfa\x1d\xdd\xc4\xbd\xa44\
\xe14V\xaa\x1a\xc1\x0d\xa4\x8d\xa0\xa5\x8d\xa0#m\x04\
-m\x04\x1d\x10#X\x8c\x00\xb1C\x9c\xa7\xcc\xffk\
& \xb2A\xbb\xd9\xc0\x0d#\xdc\x8c\xe2\x0d0\x0f\x0d\
D\xde\xa4\x91\x86f\xe0?\x1b\xc0\x90g=\xe2\xbd\x08\
\x00\x00\x00\x00IEND\xaeB`\x82\
\x00\x00Lo\
\x89\
PNG\x0d\x0a\x1a\x0a\x00\x00\x00\x0dIHDR\x00\
\x00\x01q\x00\x00\x01J\x08\x06\x00\x00\x00\xeb:o\xca\
\x00\x00\x00\x09pHYs\x00\x00\x0e\xc4\x00\x00\x0e\xc4\
\x01\x95+\x0e\x1b\x00\x00\x08\x06iTXtXML\
:com.adobe.xmp\x00\x00\
\x00\x00\x00<?xpacket beg\
in=\x22\xef\xbb\xbf\x22 id=\x22W5M\
0MpCehiHzreSzNTc\
zkc9d\x22?> <x:xmpm\
eta xmlns:x=\x22ado\
be:ns:meta/\x22 x:x\
mptk=\x22Adobe XMP \
Core 9.1-c001 79\
.a8d4753, 2023/0\
3/23-08:56:37   \
     \x22> <rdf:RDF\
 xmlns:rdf=\x22http\
://www.w3.org/19\
99/02/22-rdf-syn\
tax-ns#\x22> <rdf:D\
escription rdf:a\
bout=\x22\x22 xmlns:At\
trib=\x22http://ns.\
attribution.com/\
ads/1.0/\x22 xmlns:\
dc=\x22http://purl.\
org/dc/elements/\
1.1/\x22 xmlns:xmp=\
\x22http://ns.adobe\
.com/xap/1.0/\x22 x\
mlns:tiff=\x22http:\
//ns.adobe.com/t\
iff/1.0/\x22 xmlns:\
photoshop=\x22http:\
//ns.adobe.com/p\
hotoshop/1.0/\x22 x\
mlns:xmpMM=\x22http\
://ns.adobe.com/\
xap/1.0/mm/\x22 xml\
ns:stEvt=\x22http:/\
/ns.adobe.com/xa\
p/1.0/sType/Reso\
urceEvent#\x22 dc:f\
ormat=\x22image/png\
\x22 xmp:CreatorToo\
l=\x22Canva (Render\
er) doc=DAHXTuun\
jAw user=UAD4Ol3\
uD0E brand=BAD4O\
hJ6cPw template=\
\xe8\x93\x9d\xe7\x99\xbd\xe8\x89\xb2\xe6\xb8\x90\xe5\x8f\x98\xe7\
\x8e\xbb\xe7\x92\x83\xe7\xae\x80\xe7\xba\xa63D\xe7\xa7\x91\
\xe6\x8a\x80\xe9\x80\x9a\xe7\x94\xa8Logo\x22 x\
mp:CreateDate=\x222\
026-10-07T14:57:\
41+08:00\x22 xmp:Mo\
difyDate=\x222026-1\
0-07T14:59:09+08\
:00\x22 xmp:Metadat\
aDate=\x222026-10-0\
7T14:59:09+08:00\
\x22 tiff:Orientati\
on=\x221\x22 photoshop\
:ColorMode=\x223\x22 x\
mpMM:InstanceID=\
\x22xmp.iid:3874e37\
d-9597-4e47-b981\
-f79893df13a3\x22 x\
mpMM:DocumentID=\
\x22xmp.did:3874e37\
d-9597-4e47-b981\
-f79893df13a3\x22 x\
mpMM:OriginalDoc\
umentID=\x22xmp.did\
:3874e37d-9597-4\
e47-b981-f79893d\
f13a3\x22> <Attrib:\
Ads> <rdf:Seq> <\
rdf:li Attrib:Cr\
eated=\x222026-10-0\
7\x22 Attrib:Data=\x22\
{&quot;doc&quot;\
:&quot;DAHXTuunj\
Aw&quot;,&quot;u\
ser&quot;:&quot;\
UAD4Ol3uD0E&quot\
;,&quot;brand&qu\
ot;:&quot;BAD4Oh\
J6cPw&quot;,&quo\
t;template&quot;\
:&quot;\xe8\x93\x9d\xe7\x99\xbd\xe8\x89\xb2\
\xe6\xb8\x90\xe5\x8f\x98\xe7\x8e\xbb\xe7\x92\x83\xe7\xae\x80\xe7\
\xba\xa63D\xe7\xa7\x91\xe6\x8a\x80\xe9\x80\x9a\xe7\x94\xa8\
Logo&quot;}\x22 Att\
rib:ExtId=\x227f834\
3aa-fd3e-4806-90\
ee-5bc483a10946\x22\
 Attrib:TouchTyp\
e=\x222\x22/> </rdf:Se\
q> </Attrib:Ads>\
 <dc:title> <rdf\
:Alt> <rdf:li xm\
l:lang=\x22x-defaul\
t\x22>\xe7\xa3\x8a\xef\xbd\x9c\xe7\xa3\x8a\xef\xbd\x9c\xe7\
\xa7\x91\xef\xbd\x9c\xe6\x8a\x80 \xe5\x89\xaf\xe6\x9c\xac \
- 1</rdf:li> </r\
df:Alt> </dc:tit\
le> <dc:creator>\
 <rdf:Seq> <rdf:\
li>\xe9\xbb\x84\xe9\x87\x91\xe5\x8d\x81\xe5\xb9\xb4<\
/rdf:li> </rdf:S\
eq> </dc:creator\
> <xmpMM:History\
> <rdf:Seq> <rdf\
:li stEvt:action\
=\x22saved\x22 stEvt:i\
nstanceID=\x22xmp.i\
id:3874e37d-9597\
-4e47-b981-f7989\
3df13a3\x22 stEvt:w\
hen=\x222026-10-07T\
14:59:09+08:00\x22 \
stEvt:softwareAg\
ent=\x22Adobe Photo\
shop 24.7 (Windo\
ws)\x22 stEvt:chang\
ed=\x22/\x22/> </rdf:S\
eq> </xmpMM:Hist\
ory> </rdf:Descr\
iption> </rdf:RD\
F> </x:xmpmeta> \
<?xpacket end=\x22r\
\x22?>\x09\xd6w4\x00\x00D\x0fIDATx\
\x9c\xed\x9dwXTG\xf7\xc7gf\x0bM\x10\x04$\
\x88\x88\x80\x82X\x10\x1b6\xc0\x88\xb1D\xc4N\x8c\x15\
\x11\x95\xd8\x1bX\xb0\xc5FQ@\x88\xa2\xd8\x15Ec\
\xc4^\xa3\xd8\x8d(`\x00\x91* *A_\x12c\
b|\x8d!\xee\xde\xdf\x1fr\xfdm|\x8d\x0a;\xbb\
\xb3w\xf7|\x9e\xe7\xfb<\xc9\xfb\x9a{\xbfs\x1d\x0e\
\xe7\xce=3\x07s\x1c\x87\x00\x00\x00\x00aBX\x1b\
\x00\x00\x00\x00j\x0f\x04q\x00\x00\x00\x01\x03A\x1c\x00\
\x00@\xc0@\x10\x07\x00\x00\x100\x10\xc4\x01\x00\x00\x04\
\x0c\x04q\x00\x00\x00\x01\x03A\x1c\x00\x00@\xc0@\x10\
\x07\x00\x00\x100\x10\xc4\x01\x00\x00\x04\x0c\x04q\x00\x00\
\x00\x01\x03A\x1c\x00\x00@\xc0@\x10\x07\x00\x00\x100\
\x10\xc4\x01\x00\x00\x04\x0c\x04q\x00\x00\x00\x01\x03A\x1c\
\x00\x00@\xc0@\x10\x07\x00\x00\x100\x10\xc4\x01\x9d\xc2\
\xd6\xd6\xf6\xa6H$*\xc7\x18W\x10B*\xa6L\x99\
\x12\xca\xda\x13\x00(\x03\x04q@gX\xbat\xe9\xc4\
\xf2\xf2r[\xb9\x5cn\x83\x10\xb2\xc6\x18[\xef\xdb\xb7\
oTvv\xb6\x19ko\x00P[ \x88\x03:\xc3\
\xf6\xed\xdb\x03\x09!\xd6\xfc\xbf\xcb\xe5r\xf4\xdbo\xbf\
\xb9\xacZ\xb5j\x09K_\x00\xa0\x0c\x10\xc4\x01\x9d\xa0\
o\xdf\xbe[***l\xe4r\xf9\xff\xfc\x7f\xc9\xc9\
\xc9\xc3\x92\x93\x93\xdd\x19\xd8\x02\x00\xa5\xc1\xd0(\x19\xd0\
vN\x9e<\xe9\xea\xeb\xeb{\x06!d\xfd\xae\xf9N\
\x08A\xae\xae\xae'333\xfb\xa9\xdf\x1d\x00(\x07\
d\xe2\x80\xd6\x13\x1d\x1d=\x97\x10\xf2\xce\x00\x8e\x10B\
\x1c\xc7\xa1\xdb\xb7o\xbb\xc5\xc7\xc7\x0fP\xb35\x00P\
\x1a\x08\xe2\x80V\x13\x1f\x1f?\xe0\xea\xd5\xab^2\x99\
\xec_\xff\x0c\xc7q\x88\xe38\x9b\xaf\xbf\xfezyQ\
Q\x91T\x8d\xf6\x00@i`9\x05\xd0ZJJJ\
\xc4\xed\xda\xb5\xbb\xf3\xec\xd93\xe7\x8f\x99\xe7\x18c4\
j\xd4\xa8\x88\xc4\xc4\xc4\x05j\xb0\x07\x00T\x80L\x1c\
\xd0Z6o\xde<\xf9\xf9\xf3\xe7\x1f\x15\xc0y\x8e\x1d\
;6(==\xddJ\x85\xb6\x00\x80*\x90\x89\x03Z\
Innn\x9d\xae]\xbbf|l\x16\xce\x831F\
\x1e\x1e\x1e\xfb\xaf\x5c\xb9\xf2\xa5\x0a\xed\x01\x005 \x13\
\x07\xb4\x92\xf1\xe3\xc7\xef\xaci\x00\xe7\xb9v\xed\x9a\xd7\
\x86\x0d\x1b|U`\x0b\x00\xa8\x03A\x1c\xd0:\x92\x93\
\x93\xdd\xb3\xb2\xb2\xda\xd6\xe6\xbf\xe58\x0ea\x8c\xad\xe3\
\xe3\xe3\xa7\xd3\xf6\x05\x00\xaa\x00\x828\xa0u|\xfd\xf5\
\xd7\xab\xaa\xaa\xaa\xeck\xbbT(\x97\xcbQaa\xa1\
Khh\xe8d\xca\xd6\x00\x80:\x10\xc4\x01\xadb\xe1\
\xc2\x85\x93\xf3\xf2\xf2Z\xbckgfM\x90\xcb\xe56\
QQQ\xf3o\xdc\xb8a\xfd\xe1?\x0d\x00\xec\x80 \
\x0eh\x0dEEE\xd2m\xdb\xb6M\xc0\x18S\x09\xbc\
\x7f\xff\xfd\xb7\xf8\xd2\xa5K\xde4\xae\x05\x00\xaa\x02\xaa\
S\x00\xada\xfc\xf8\xf1\xcbv\xec\xd8\xb1D\xd9,\x1c\
\xa1\xd7U*\x16\x16\x16\xb7+++[S\xb0\x06\x00\
*C\xcc\xda\x00\x00\xd0\xe0\xc2\x85\x0b\x8e\xdb\xb7o\x9f\
@\xebz\x18c4e\xca\x94u\xb4\xae\x07\x00\xaa\x02\
\x96S\x00\xad 666\x18\xfd\xcb\x01W\xb5\x81\xe3\
8\x94\x93\x93\xd3\x8a\xca\xc5\x00@\x85@\x10\x07\x04\xcf\
\xdd\xbbw\xa5\x19\x19\x19\xee\x18c\xaa\xd7=x\xf0\xa0\
_RR\x92\x17\xd5\x8b\x02\x00e \x88\x03\x82',\
,l\xe9\x7f\xfe\xf3\x9f\xb6\xb4\xd6\xc21\xc6\x88\xe38\
D\x08\xb1^\xb3f\xcd|\x0a\x16\x01@e@\x10\x07\
\x04\xcd\xe9\xd3\xa7[\xee\xdc\xb93\x80\xd62\x8a\x99\x99\
\x19\xaa[\xb7.B\xe8u\xbd\xf8\xed\xdb\xb7\xddV\xae\
\x5c\xe9O\xe5\xe2\x00\xa0\x02\xa0:\x05\x104\x9f~\xfa\
\xe9\xde\xabW\xaf\x0eW6\x0b\xaf^\x8a)\x8b\x8c\x8c\
\x9c'\x97\xcb\xc9\x82\x05\x0b\xc29\x8ek\x8c1F\xfa\
\xfa\xfa\xf7\xae]\xbb\xd6\xa1m\xdb\xb6O\xa8\x98\x06\x00\
\x9aT\x9f\xa5\x0c\x02\x09N{\xf7\xee\xf5\x90H$\x0f\
0\xc6\x1cBH)\x11B8ww\xf7\xfd\xfc\xb5;\
w\xee\xbc\x8f\x10\xc2!\x848\x8c17z\xf4\xe8p\
\xd6\xe3\x05\x81\xde%\xc8\xc4\x01\xc1bnn\x9e\xf3\xf4\
\xe9\xd3\x96\xca\xceaB\x08222\xbas\xf2\xe4I\
\x1fOO\xcf\x07\x08!t\xfc\xf8q\xd7/\xbe\xf8b\
\xff_\x7f\xfd\xd5\x0c!\x84\x0c\x0c\x0cJ\xce\x9f?\xef\
\xd9\xa9S\xa7G\x14\xac\x03\x005`M\x1c\x10$s\
\xe6\xcc\x99\xfd\xf4\xe9Ss\x1a\xd7\x92\xcb\xe5\xc8\xdb\xdb\
\xfb\x02\x1f\xc0\x11B\xc8\xd7\xd7\xf7v\xd7\xae]\xaf#\
\x84\xca8\x8eC\x7f\xfe\xf9\xa7\xe3\xb8q\xe3\xf6\xd0\xb8\
\x1f\x00\xd0\x042q@\x90XZZf\xff\xfa\xeb\xaf\
\xae4\xd6\xc2\x8d\x8d\x8do\xdf\xbau\xab]\x93&M\
^\xbd\xfd\xff\xd7\xabW/\xf3\xf7\xdf\x7fw\xab\xfe9\
y\x14\x1f\x1f\x1f4i\xd2\xa4\xe3J\xdd\x14\x00(\x02\
\x998 8\xfa\xf4\xe9\xb3\xfd\xc9\x93'\x964\x02\xb8\
X,.\x9e?\x7f~\xe4\xbb\x028B\x08M\x992\
%\x1ec\x5cZ\xfd\xe7\xad\xe3\xe2\xe2f+uS\x00\
\xa0\x0cd\xe2\x80\xa0\xd8\xbf\x7f\x7f\x97\xe1\xc3\x87'#\
\x0a\xbb31\xc6\xc8\xd6\xd6\xf6\xca\xfd\xfb\xf7\xbb\xbd\xef\
\xcf\x19\x1a\x1a\xe6\xbf|\xf9\xb2\x19\xc7q\x08c\xfc(\
00p\xcb\x96-[\x96*us\x00\xa0\x04d\xe2\
\x80\xa0X\xbbvm0\xc6\x98J\x00'\x84\x94\xaeX\
\xb1b\xf1\x87\xfe\xec\xa6M\x9b\x82$\x12IQ\xf5\xbf\
Z\xef\xdd\xbbwdjj\xaa\x8dR\x06\x00\x80\x12\x10\
\xc4\x01\xc1\xb0v\xedZ\xbf\xf4\xf4tw\x1a;3\x09\
!\xa8O\x9f>g\xc6\x8c\x19s\xe5C\x7fv\xf4\xe8\
\xd1W\xbau\xebvE$\x12!\x8e\xe3PUU\x95\
cLLL\xb0\xd2&\x00\x80\x06\xack\x1cA\xa0\x8f\
QNNN\x1d##\xa3b\x1a5\xe1\x18c\xce\xc8\
\xc8(\xf7\xf2\xe5\xcb\x8d>\xf6\xfe\xa7O\x9fn\x86\x10\
\xba\x871\xe60\xc6\x9cT*-KNNvg\xfd\
\x5c@ \xc8\xc4\x01A\xf0\xcd7\xdf\xcc\xfe\xef\x7f\xff\
\xeb\xc8qT\xbe\xe1\x94\x0d\x1c8\xf0\x88\x97\x97\xd7\x83\
\x0f\xff\xd1\xd7\xf4\xe9\xd3\xa7`\xe8\xd0\xa1\xc9\x18\xe3R\
\x8e\xe3PUU\x95\xdd\xec\xd9\xb3\xe3h\x98\x01\x00e\
\x80 \x0eh<\xb7n\xdd\xb2\xfc\xee\xbb\xefF\xd08\
\xa5\x90\x10\x82\x1a7n\x5c\xb6g\xcf\x9e\x855\xfdo\
\x0f\x1c8\x10\xd2\xa8Q\xa3\x07\x22\x91\x08a\x8c\xd1\xa3\
G\x8fl\xe2\xe2\xe2\x86(m\x0a\x00\x94\x00\x828\xa0\
\xf1\x04\x04\x04\xecy\xf6\xec\x99\xb3\xb2Yx\xf5/\x81\
\xd2\x193f\xd4:\x83\x0e\x08\x08\xd8!\x93\xc9\xca8\
\x8eC2\x99\xcc6,,l\x91R\xa6\x00@I \
\x88\x03\x1a\xcd\xf6\xed\xdb?\xcb\xcb\xcbkA\xebz\xf6\
\xf6\xf6e3f\xcc8R\xdb\xff~\xc9\x92%\x89\x8d\
\x1b7.\xc3\x18#\xb9\x5c\x8e~\xfe\xf9g\xab\xe1\xc3\
\x87\xaf\xa1\xe5\x0f\x00j\x0a\x04q@\xa3\x89\x89\x89\x99\
\xc7q\x9c\x0d\x8d,\x5c__\xbf`\xf3\xe6\xcdJ\xb7\
p\xdb\xb8q\xe3$==\xbd\x82\xea\xb3\xc7\xadO\x9f\
>\xed{\xfd\xfau(9\x04\x98\x00A\x1c\xd0Xf\
\xcc\x9817//\xaf\x05\x8d\x92B\x84\x10\x1a0`\
\xc0\x11oo\xefRe\xaf\xd3\xa7O\x9f\x82\x1e=z\
\x5c@\xe8\xf5\xb9+\xcf\x9e=s^\xb4hQ\xa4\xf2\
\x0e\x01\xa0\x16\xb0.\x8f\x01\x81\xde\xa5\x8c\x8c\x0cK\x13\
\x13\x93\x02\xfe8XeT]\x12Xx\xe3\xc6\x8dO\
h\xf9\xbb|\xf9r#\x03\x03\x83|\xbe\xe4\x10c\x5c\
\xb1y\xf3\xe6\xcfY?7\x90\xee\x092q@#\x89\
\x8d\x8d\x9d\xfd\xe2\xc5\x0bgJYx\xd9\xec\xd9\xb3\xd7\
v\xec\xd8\xf11\x8d\x8b!\x84\x90\x97\x97\xd7\x83\xc9\x93\
'\xc7\xf3%\x87\x84\x10\xeb\xd8\xd8X8W\x05P?\
\xac\x7f\x8b\x80@o\xeb\xf8\xf1\xe3\xaeb\xb1\x98Z\xb3\
\x87\x96-[\x1eW\x95WGG\xc7\xf3\x84\x10\x0ec\
\xcc\x11B\xcaW\xacX\xe1\xcf\xfa\xf9\x81tK\x90\x89\
\x03\x1aGHH\xc8Z\x99Lf\xcbq\xca\x7f\xcc\x94\
\xcb\xe5eS\xa7N\x8d\xa7d\xed\x7f\x08\x0a\x0a\xda\xc4\
q\x5c\x19B\x08q\x1cg\xb3r\xe5\xcaeYYY\
f\xaa\xba\x1f\x00\xbc\x0d\x04q@\xa3\xd8\xb4i\x93O\
ii\xa9#\xad\xebu\xe8\xd0!#((\xe8\x0c\xad\
\xeb\xbdMHH\xc8w\xed\xdb\xb7\xcf\xc0\x18#\x8e{\
\xbd\x933<<\x1cj\xc7\x01\xb5\x01G\xd1\x02\x1a\x85\
\x85\x85E\xce\xaf\xbf\xfe\xaat\xcb5\x8c1222\
\xba\x93\x91\x91\xd1\xc1\xd9\xd9\xf9%%{\xef\xe4\xfa\xf5\
\xeb\x0dz\xf6\xecy\xee\xcf?\xffl\x8e\x10B\xfa\xfa\
\xfa\xf7.]\xba\xd4\xd9\xdd\xdd\xfd?\xaa\xbc/\x00 \
\x04\x998\xa0A\x8c\x1b7n\xc5\xaf\xbf\xfejN+\
\xb1\x186l\xd8~U\x07p\x84\x10\xea\xd2\xa5KE\
\xef\xde\xbd\xcf\x22\xf4\xfa\x1b\xd3_\x7f\xfde?q\xe2\
\xc4\x1d\xaa\xbe/\x00 \x04\x998\xa0!\xe4\xe4\xe4\xd4\
\xf5\xf2\xf2J}\xf6\xec\x99\x0b\x8d\x8a\x14\xb1X\x5c\x9c\
\x9b\x9b\xdb\xc2\xc9\xc9\xa9\x8a\x82\xbd\x0fRXX\xa8\xef\
\xea\xea\x9a\xfd\xf7\xdf\x7f;!\x84\x10\xc7q\x8f\xa2\xa3\
\xa3g\xcc\x9e=\xfb\x80:\xee\x0f\xe8.\x90\x89\x03\x1a\
App\xf0Z\x9a\x01<***D]\x01\x1c!\
\x84\x9c\x9d\x9d_.Y\xb2d\x85H$*\xe6\xb8\xd7\
%\x87\x09\x09\x09S\xd5u\x7f@\x87a]\x1e\x03\x02\
m\xdf\xbe\xfd3\x8cq\x05\x8d\x92B\x91H\xc4\xb5k\
\xd7\xee \xab\xb1888\x9c\xe77(\x11B\xca\xa7\
M\x9b6\x97\xf5\xf3\x05i\xb7 \x13\x07\x98\x13\x1b\x1b\
;\x9bV\xcb5\xb9\x5c^6g\xce\x9chJ\xd6j\
Lhhh8\xa7Pr\x98\x90\x900\xf5\xf2\xe5\xcb\
\xf6\xac\xfc\x00\xda\x0f\x04q\x80)\x91\x91\x91#sr\
r\xdch,\xa3`\x8c\x91\xaf\xaf\xef\xb1\xe1\xc3\x87_\
\xa7`\xadV\x04\x06\x06\xa6\xf4\xea\xd5\xeb,!\x04q\
\x1c\x87^\xbdze\x1b\x1d\x1d=\x97\x95\x1f@\x07`\
\xfd*\x00\xd2]eff\x9a\x99\x98\x98\x14\xd0\xda\x99\
iii\x99\x9e\x95\x95e\xcaz\x5c\x17.\x5cp0\
22\xca\xe5\xcfU100(=u\xeaTK\xd6\
\xbe@\xda)\xc8\xc4\x01f\xac^\xbd:\xf4\x8f?\xfe\
P\xba\xd9\x03B\x08\xc9\xe5\xf2\xb2!C\x86\x1cl\xdd\
\xba\xf5o\xca;S\x8e\xee\xdd\xbb\x97\xf6\xed\xdb\xf7\x14\
B\xa8\x8c\xe38\xf4\xf2\xe5K\xfb\x80\x80\x80\xdd\xac}\
\x01\xda\x09\x94\x18\x02LHKK\xb3\xf2\xf6\xf6\xfe\xe1\
\xc5\x8b\x17J\xf7\xcd\xc4\x18\xa3F\x8d\x1a])++\
\xebF\xc9\x1e\x15lmm\xafVTTxTgL\
\x8fV\xae\x5c\xb9`\xe1\xc2\x85\xbbX\xfb\x02\xb4\x0b\xc8\
\xc4\x01&\x04\x05\x05m\xfb\xf3\xcf?\xa9\x04p\xa9T\
Z\xf4\xf5\xd7_/\xa5d\x8d\x1a\xd3\xa7O_\x871\
.E\x08!B\x88\xf5\xe6\xcd\x9b\xbfb\xed\x09\xd0>\
 \x88\x03j'..nHVVV[Zo\x81\
NNNEc\xc7\x8e\xbdD\xe5b\x14\x09\x09\x09\xf9\
\xce\xc2\xc2\xe2\x17\x84^7\x8fx\xf8\xf0\xa1\xdd\xe0\xc1\
\x83\xd7\xb1\xf6\x05h\x17\x10\xc4\x01\xb5\x93\x90\x900\x99\
\x10B\xa5\xa4\xd0\xc0\xc0 /::z\x0e%k\xd4\
\xd9\xbauk\xa0\xbe\xbe~Au\x93f\xeb\x93'O\
\xfa\x9e={\xd6\x99\xb5/@{\x80 \x0e\xa8\x95\xc9\
\x93'\x87\x16\x15\x15Qi\xf6@\x08A#F\x8c\xd8\
\xd7\xb3g\xcf\x22\x0a\xd6TB\xbf~\xfd\xee\xf4\xed\xdb\
\xf7\x14\x7f\xca\xa1L&\xb3[\xb3f\xcd\x02\xd6\xbe\x00\
-\x82uy\x0cHwt\xed\xda5[Z;31\
\xc6\x9c\x99\x99YfNNN\x1d\xd6\xe3\xfa\x88q7\
\xc4\x18\xdf\xe3K\x0e\x09!\xe5[\xb7n\xed\xc5\xda\x17\
H;\x04\x998\xa06\xa2\xa3\xa3\xe7\xd2XF\xa9\xa6\
,((hS\xcb\x96-\x9f\xd3\xb8\x98*\xe9\xda\xb5\
kyPP\xd0&\xbe\x95\x1bB\xc8&44\x14\x1a\
+\x03t`\xfd[\x04\xa4\x1b:q\xe2\x84\xab\xa1\xa1\
a1\xad\x8d=nnn\x87Y\x8f\xa9\xa6rvv\
\xfe\x9eo\xe5&\x16\x8b\x1f,]\xbat<kO \
\xe1\x0b2q@-\xf8\xfb\xfb'\xd1*)$\x84\x14\
\x87\x86\x86\x86S\xb2\xa66\xa6L\x99\x12/\x97\xcb\xcb\
\x10BH&\x93\xd9FEE\xcd\xbf{\xf7\xae\x94\xb1\
-@\xe0@\x10\x07TNxx\xf8\xe8\xa7O\x9fR\
\xeb;\xe9\xee\xee\x9e\xe6\xe7\xe7\x97F\xebz\xeab\xda\
\xb4i\xc7Z\xb5ju\x07\xa1\xd7o\xc0/^\xbcp\
\x9c6mZ\x02k_\x80\xb0\x81\x1d\x9b\x80\xcai\xd8\
\xb0a\xfa\xa3G\x8f\xda+[\x91\xc2\xb7\x5cKOO\
\xef\xd0\xacY3\x95w\xecQ\x05iii\xf5\xbbw\
\xef~\xf1\xcf?\xffl\x8e1F\xfa\xfa\xfa%G\x8f\
\x1e\xfd\xfc\xb3\xcf>\xbb\xcb\xda\x1b L \x13\x07T\
\xca\x90!C\xe2***lh\x94\x14\x22\x84\xd0\x84\
\x09\x13\xb6\x085\x80#\x84\x90\xbb\xbb{\xe5\xc0\x81\x03\
\x8f \xf4z\x03\xd0\xcb\x97/\x1dCCC\xd70\xb6\
\x05\x08\x18\x08\xe2\x80\xca8w\xee\x9c\xf3\xa9S\xa7|\
1\xc6\xd6\xca^\x0bc\x8c\x8c\x8d\x8do\x07\x05\x05m\
\xa6\xe1\x8d%\xc1\xc1\xc1\xd1\x86\x86\x86y|\xedxF\
F\x86{DD\xc4H\xd6\xbe\x00a\x02A\x1cP\x19\
\xabW\xaf^PUUeOc\x19\x05!T\x16\x15\
\x15\x15\xa2\x8e\xc6\xc7\xaa\xa6M\x9b6\xbf\x86\x86\x86\xae\
B\x08\x95!\x84\x10\xc6\x18Z\xb9\x01\xb5\x87uy\x0c\
H;\x95\x90\x90\xe0\x831\xae@J\x96\x13\xa2\xea\x92\
B//\xaf]\xac\xc7D[\xadZ\xb5:\xce\x97\x1c\
b\x8c+f\xcf\x9e=\x9b\xb5'\x90\xf0\x04\x998\xa0\
\x12\xc2\xc2\xc2\x16\xd1ZF\x91\xcb\xe5e3g\xce\x8c\
\xa3\xe1K\x93\x98>}z\x1cW\xdd\xca\x0d!d\x1d\
\x1f\x1f?\xfd\xea\xd5\xabv,=\x01\xc2\x03\x828@\
\x9d\xa5K\x97N\xfc\xe9\xa7\x9fl)}\xcc,\x1b0\
`\xc0\xb1A\x83\x06\xfdH\xe3b\x9a\xc4\xf8\xf1\xe3S\
\xbc\xbd\xbd/\xf0k\xe3UUUv\xabV\xad\xd2\xb8\
#u\x01\xcd\x06J\x0c\x01\xaa\xe4\xe6\xe6\xd6i\xd7\xae\
\xdd\x9d\xaa\xaa*;e\xe7\x16!\x04\xd5\xaf_\xff\xc6\
\xa3G\x8f:S\xb2\xa7q\xdc\xb9s\xa7\x8e\xa7\xa7\xe7\
\xd5g\xcf\x9e\xb9q\x1c\x87\xc4b\xf1\xc3\xc3\x87\x0f\xf7\
\xf3\xf1\xf1\xb9\xcd\xda\x1b \x0c \x13\x07\xa82o\xde\
\xbch\x1a\x01\x9c_F\x193f\x8cV\xb75k\xd9\
\xb2\xe5\xf3\xfe\xfd\xfb\x1f\xe3\x97U^\xbdze;s\
\xe6L8s\x1c\xf8h \x13\x07\xa8q\xe1\xc2\x05G\
\x1f\x1f\x9fs\x7f\xfd\xf5\x97=\x8d njj\x9a\xf5\
\xeb\xaf\xbf\xb6\xa1dO\xa3\xa9[\xb7n\xf6\x1f\x7f\xfc\
\xe1\x8a\x10B\x1c\xc7=Z\xb8p\xe1\xf2\x95+W\xc2\
nN\xe0\x83@&\x0eP#$$dmUU\x15\
\x95\x00\xae\xaf\xaf_\xb0e\xcb\x96\x09\x94\xaci<a\
aa\x0b%\x12I\x11B\xaf[\xb9%&&\x06\xb0\
\xf6\x04\x08\x03\x08\xe2\x00\x15V\xae\x5c\xe9\x9f\x99\x99\xd9\
\x9e\xc6\x9b\x1d\xc6\x18u\xee\xdc\xf9\xfa\x90!C2(\
X\x13\x04S\xa6L9\xe1\xe8\xe8XZ\xbd\x8c\x84~\
\xfa\xe9'\x9b\x11#F\xc0NN\xe0\x83\xc0r\x0a@\
\x05;;\xbb\xd4\xf2\xf2\xf2N46\xf6\x10BJ\xcf\
\x9e=\xdb\xd3\xdb\xdb\xbb\x94\x92=Ap\xe8\xd0\xa1\xb6\
~~~\x078\x8es\xa8\xfe\x9f\x1e\x1d;v\xacO\
\xbf~\xfd\xe0#'\xf0\xaf@&\x0e(\xcd\xb4i\xd3\
\xe6\x97\x97\x97S))$\x84\xa0\x09\x13&l\xd1\xb5\
\x00\x8e\x10B\x83\x07\x0f\xfeq\xf0\xe0\xc1\x87\x08!\x88\
\xe38\x841\xb6\x8e\x89\x89\x99\xcb\xda\x17\xa0\xe1\xb0\xde\
m\x04\x12\xb6\xce\x9d;\xd7T__\xbf\x94V\xb3\x07\
;;\xbb\xcb\xa5\xa5\xa5\x84\xf5\xb8X\xe9\xe6\xcd\x9b\xf5\
MMM3\xf9VnR\xa9\xb4,11\xf1S\xd6\
\xbe@\x9a+\xc8\xc4\x01\xa5\x08\x0b\x0b[J\xab\x1a\x85\
\xe3\xb8\xb2\xc0\xc0\xc0m\xf6\xf6\xf6t\x8e<\x14 \xee\
\xee\xee\x95\xc3\x86\x0d\xdb\x8f\x10*\xe38\x0e\xfd\xfd\xf7\
\xdfv_}\xf5\xd5V\xd6\xbe\x00\xcd\x05\x828Pk\
\x0e\x1f>\xdc>55\xb5\x0b\x8dka\x8c\x91\x9b\x9b\
[\xd6\xe2\xc5\x8b\x13i\x5cO\xc8$$$D4m\
\xda\xb4\x88_V\xf9\xf3\xcf?\x0d\x83\x83\x83g\xb2\xf6\
\x05h&\x10\xc4\x81Z3c\xc6\x8cxZY\xb8\x9e\
\x9e^\xc1\xaaU\xab\x16R\xb2&x\xe6\xcc\x99\x13\x8d\
1.\xc5\x18#\x8c\xb1\xf5\xee\xdd\xbb\xfdY{\x024\
\x13\x08\xe2@\xad\x987o\xde\xf4\x87\x0f\x1f\xda\xd2\xba\
\x9e\x97\x97\xd7\x95\xcf?\xff<\x8f\xd6\xf5\x84\xce\xc4\x89\
\x13\xcf:;;\x17 \xf4\xbay\xc4\xcf?\xffl\xe5\
\xe1\xe1\xf1\x1dk_\x80\xe6\x01A\x1c\xa8\x15III\
\xa3\x09!\xd64\xb2pSS\xd3\xac\x88\x88\x88y\x94\
\xaci\x0d\x09\x09\x09\x93\x8c\x8c\x8c\xee\xf0\xd9\xf8\x8d\x1b\
7\xba\x1c8p\xa0\x13k_\x80f\x01A\x1c\xa81\
\xbe\xbe\xbe\x1b\x1f=zdM\xeb\x94\xc2\xa9S\xa7\xae\
sss\xfb\x8d\xc6\xc5\xb4\x09OO\xcf\x07~~~\
\x07\xf8\x0d@\x08!\x9b\xe8\xe8h(9\x04\xfe\x09\xeb\
\xf2\x18\x90\xb0t\xe8\xd0\xa1\xf6\x08\xa1\x0a\x1a%\x85\x18\
c\xaeq\xe3\xc6\x17Y\x8fI\x93\x95\x99\x99ij`\
`\x90\xcf?o\x8cqEDD\xc4H\xd6\xbe@\x9a\
#\xc8\xc4\x81\x1a\xb1v\xed\xda`\xb1X\xac\xf42J\
5e\x0b\x16,\x08\xa7q!m\xc5\xcd\xcd\xed\xb7\x90\
\x90\x905H\xa1\x95[dd\xe4\xc2\x82\x82\x02}\xb6\
\xce\x00M\x01\x828\xf0\xd1l\xdc\xb8\xd1755\xb5\
\xcb\xabW\xaf\x94\xbe\x16!\x04\xf5\xe8\xd1#e\xe2\xc4\
\x89g)X\xd3j\x96-[\xb6\xbdM\x9b6?\x12\
B\x90\x5c.G\xcf\x9e=s\x81\x9e\x9c\x00\x0f\x9c\x9d\
\x02|\x14\xc5\xc5\xc5b''\xa7\x07\x08!\xa5\xb3p\
B\x08\x92J\xa5\x05\xa7O\x9f\xfe\xfc\xd3O?-\xa3\
bP\xcb\xd9\xb3g\x8f\xc7\xe8\xd1\xa3wc\x8c\x1b#\
\x84\x10\xc6\xf8\xa7\x8c\x8c\x8c\xd6m\xda\xb4y\xc2\xd8\x1a\
\xc0\x18\xc8\xc4\x81\x8fb\xc3\x86\x0d\xd31\xc6T\x96Q\
8\x8e+\xeb\xd7\xaf\xdf\x09\x08\xe0\x1f\xcf\xa8Q\xa3\xae\
u\xe9\xd2\xe5:\xdf\xca\x0d!d3}\xfa\xf4x\xd6\
\xbe\x00\xf6@&\x0e|\x90\x92\x92\x12\xb1\x9b\x9b[\xde\
\x7f\xff\xfb\xdf\xa64\xb2pKK\xcb\xb4\xc7\x8f\x1fw\
\xa4dOg\xb8w\xef\x1eqss\xcb\xe4\x9bGH\
$\x92\xfb{\xf7\xee\xfdb\xc8\x90!i\xac\xbd\x01\xec\
\x80L\x1c\xf8 \xa3F\x8d\xfa\x96F\x00\xc7\x18#\x84\
P\xe9\x9c9s\xa2\xa9\x18\xd31\xec\xed\xed\xe5\xa3G\
\x8f\xde\x8d\xd0\xeb\xaa\xb2W\xaf^\xd9-^\xbc\x18>\
\x0c\xeb8\x10\xc4\x81\xf7\xb2\x7f\xff\xfe.\x19\x19\x19\xee\
\xb4\xaegnn\xfekHH\x08\xec<\xac%\xd3\xa7\
O\xff\x86\xdf\x00$\x97\xcbQAA\x81KHH\xc8\
L\xd6\xbe\x00v@\x10\x07\xdeKxx\xf8\x22\xb9\x5c\
nK#\x0b\x97H$E;w\xee\x843@\x94\xc0\
\xc9\xc9\xa9****\x84\x10\xf2\x8fsU\x8a\x8a\x8a\
\xa4\xac\xbd\x01l\x80 \x0e\xfc+\x8b\x17/\xfe\xea\xf6\
\xed\xdbn\xb4\x9a=\xf4\xeb\xd7\xefD\xdf\xbe}\xe1|\
\x14%\x09\x0a\x0a:\xe3\xee\xee\x9e\xc6\x97\x1c\xfe\xfc\xf3\
\xcfn\xe1\xe1\xe1KY\xfb\x02\xd8\x00A\x1cx'w\
\xee\xdc\xa9\x93\x90\x900\x09!d\xad\xec\xb50\xc6H\
&\x93\x95\xcd\x9a5k-\x05k\x00Bh\xd6\xacY\
ke2Y\x19_\xad\xb2w\xef\xde\x91\xc7\x8f\x1fw\
c\xed\x0bP?\x10\xc4\x81w\x12\x17\x17\x17\xf2\xe4\xc9\
\x13W\x1a\xd5K\x18\xe3\xd2\xc9\x93'o\xf4\xf0\xf0(\
\xa7`\x0d@\x08\xf9\xf9\xf9\xa5\x0d\x1c8\xf0\x08B\xaf\
?r\xfe\xfd\xf7\xdfvaaa\x8b\x18\xdb\x02X\xc0\
z\xdf?H\xf3\x94\x92\x92\xd2TOO\xaf\x8cV\xcb\
5''\xa7\xefY\x8fI\x1bUPP\xa0oee\
uS$\x12q\x08!N,\x16?\xd8\xb9s\xa77\
k_ \xf5\x0a2q\xe0\x7fX\xb0`\xc1\x9a\xaa\xaa\
*;\x8eS\xfec\xa6\x5c./\xfb\xea\xab\xaf6Q\
\xb2\x06(\xe0\xec\xec\xfc\xf2\x8b/\xbe\xd8\xcf/\xab\xc8\
d2\xdb\xd0\xd0\xd0H\xd6\xbe\x00\xf5\x02A\x1c\xf8\x07\
\xbbw\xef\xfe\xf4\xc7\x1f\x7flO\xebz\xcd\x9a5+\
\x985k\xd6!Z\xd7\x03\xfe\xc97\xdf|\x13\xd3\xa0\
A\x83\x0a\x84^\xbfUWTT\xd8L\x9a4\x09\x96\
Ut\x08\x08\xe2\xc0?X\xbat\xe9*\xb9\x5cnC\
#\x0b766\xbe\xbdm\xdb\xb6@J\xd6\x80\x7fa\
\xf5\xea\xd5\xf3\xf4\xf4\xf4\x0a0\xc6\x88\x10b}\xe8\xd0\
\xa1!\xb9\xb9\xb9uX\xfb\x02\xd4\x03\x04q\xe0\x0d\x93\
&MZTVV\xa6t\xcfL\x84^g\x85\x9f}\
\xf6YJ\x97.]*(X\x03\xde\xc3\xc8\x91#\xaf\
9;;\x17q\x1c\x87\xe4r9\xfa\xe5\x97_\xdc\xa6\
N\x9d\x9a\xc0\xda\x17\xa0\x1e \x88\x03\x08!\x84\xb2\xb3\
\xb3\xcd\x0e\x1e<\xe8\x87(\x95\x14\x9a\x98\x98\xdc^\xbc\
x\xf1\x0a\x0a\xd6\x80\x8f`\xcd\x9a5!\xfa\xfa\xfa\x05\
|\xc9\xe1\xa5K\x97\xbc\x93\x92\x92\xbcX\xfb\x02T\x0f\
\x04q\x00!\x84\xd0\xd2\xa5KW\xd2*)$\x84\x94\
\x86\x86\x86\x86C\xcb5\xf5\xd1\xb3g\xcf\xa2\xd1\xa3G\
\xef\x16\x89D\x88\xe38$\x12\x89\xac\xe3\xe2\xe2f\xb3\
\xf6\x05\xa8\x01\xd6\xe51 \xf6JJJ\xf2\xc0\x18S\
i\xb9F\x08\xe1Z\xb4hq\x92\xf5\x98tQw\xee\
\xdc\xa9cii\x99N\x08ySr\x18\x15\x155\x8c\
\xb5/\x90j\x05\x998\x80\xa2\xa2\xa2\xe6\xd38+\x9c\
?\xa5\x10vf\xb2\xa1E\x8b\x16\xcf'L\x98\xb0\x85\
\xe3\xb82\x84\x10\x92\xc9d\xb6!!!k\xf3\xf3\xf3\
\x0d\x19[\x03T\x08\x04q\x1d'66vHnn\
nKe\x038B\xaf\x83x\xaf^\xbd\xce\x06\x06\x06\
\xa6P\xb0\x06\xd4\x82U\xabVmvss\xcb\x22\x84\
 \x8e\xe3\x10\xc6\xd8:666\x98\xb5/@u@\
S\x08\x1d\xa6\xb0\xb0P\xbf}\xfb\xf6\xb7i5{0\
11\xc9:\x7f\xfe|\x8f\xb6m\xdb\xfeJ\xc9\x22P\
\x0b\x0e\x1c8\xe0>j\xd4\xa8\xdd\x7f\xff\xfd\xb7\x13B\
\x08\xd5\xa9S\xe7nFFFK''\xa7*\xd6\xde\
\x00\xfa@&\xae\xc3\x84\x85\x85-\xa6\x11\xc0\x11z\xdd\
rm\xd0\xa0A\x87!\x80\xb3\xc7\xcf\xcf/\xcd\xdd\xdd\
=\x0d\xa1\xd7\xdf\xbc\x9e?\x7f\xdet\xf0\xe0\xc1'Y\
\xfb\x02T\x03\x04q\x1d%''\xa7\xee\xf1\xe3\xc7\x07\
\xd1\xb8\x16!\x04YYY=\xde\xbe}\xfbr\x1a\xd7\
\x03\x94'>>~\x8a\x89\x89\xc9\xed\xea\xef\x14(?\
?\xdfe\xfb\xf6\xed\x9f1\xb6\x05\xa8\x00\x08\xe2:\xca\
\xd8\xb1cw\xff\xf6\xdbo.4>f\x12B\x8a\x97\
-[\x06\xe7Yk\x10\xae\xae\xae\xcf\x02\x03\x03\xb7!\
\xf4:\x1bG\x08\xd9\xc4\xc4\xc4\xccc\xeb\x0aP\x05\x10\
\xc4u\x90\x84\x84\x04\x1fZ\xe7\xa3`\x8cQ\x8b\x16-\
\xf2&N\x9cx\x96\xc6\xf5\x00zL\x9c8qs\xbd\
z\xf5~\xe4[\xb9\xe5\xe5\xe5\xb5\x98;w\xeet\xd6\
\xbe\x00\xca\xb0\xaeq\x04\xa9_-Z\xb48\xc7\xd7\x12\
++\x8c\xf1\xbd\x93'O6g=&\xd0\xbb\x15\x1f\
\x1f\xdf\x17c|\x0fU\xd7\xf0\x1b\x1b\x1b\x17\xdd\xbau\
\xcb\x9c\xb5/\x10=A&\xaec,X\xb0`j^\
^^\x0bZ-\xd7\x86\x0f\x1f\xbe\x17Z\xaei.\x93\
'O>\xe5\xe1\xe1q\x8do\xe5\xf6\xfc\xf9\xf3\xa6\xb0\
\x93S\xcb`\xfd[\x04\xa4>\xa5\xa5\xa5Y\x11B\xca\
i\xed\xcc411\xc9\xbeu\xebV=\xd6\xe3\x02\xbd\
_\x87\x0f\x1fvC\x08\xdd\xe3\xff\xde\x09!\xe5))\
)MY\xfb\x02\xd1\x11d\xe2:Du\x06\xa6\xf41\
\xb3\x08\xbd.)\x1c7n\xdc\x0e()\xd4|\x06\x0e\
\x1c\x98\xd5\xa7O\x9f3\x08\xa12\x84\x10\xe28\xcef\
\xce\x9c9ql]\x01\xb4\x80\xcd>:\xc2\x0f?\xfc\
`\xeb\xe5\xe5\x95\xcaq\x9c\xd2A\x5c$\x12!\x07\x07\
\x87\x94\xa2\xa2\xa2\x9e\x94\xec\x01j\xc0\xc2\xc2\xe2\xd6\xd3\
\xa7O\xdbr\x1c\x87\x08!?%$$\x8c\x1b?~\
<|\x90\x168\x90\x89\xeb\x08\x01\x01\x01{h\x04p\
\xfe|\x94y\xf3\xe6A\x1b0\x81\xa1x\xae\x8a\x5c.\
\xb7Y\xb1b\xc52\xc6\x96\x00\x0a@\x10\xd7\x01\xd6\xaf\
_?\xa0\xa4\xa4\xc4\x91\xd6\xf5\x9a6mZ\x04\xe7\xa3\
\x08\x8f\xf0\xf0\xf0\x04cc\xe3g\x08\xbd\xfe\x16\xf6\xf0\
\xe1C\xbb\xc0\xc0@8\xf3]\xe0@\x10\xd7\x01\xa2\xa3\
\xa3\xe7\x22\x0ak\xe1|\xcb\xb5\xa4\xa4\xa4\x91t\x9c\x01\
\xeaf\xdb\xb6m\x81\x12\x89\xa4\x08c\x8c0\xc6\xd6\x87\
\x0f\x1f\x1e\x92\x91\x91a\xc9\xda\x17P{ \x88k9\
c\xc7\x8e]u\xff\xfe}{\x1a%\x85\x18c4|\
\xf8\xf0}\xf01S\xb8\x0c\x1d:4\xc3\xcb\xcb\xeb\x0a\
\xbf\x01\xe8\xd9\xb3g.+W\xae\xfc\x9a\xb5/@\x09\
X\x97\xc7\x80T\xa7k\xd7\xae\xd9\x1a\x1a\x1a\x16\xd3(\
)\xc4\x18sb\xb1\xf8nnn\xae!\xebq\x81\x94\
\xd3\x993g\x9a\xa1\xea\x92\xc3\xea\xbf\xd7\x07\xbbv\xed\
\xfa\x94\xb5/P\xed\x04\x99\xb8\x16\x13\x19\x19\x19\xfa\xf2\
\xe5KG\x8eS\xbe\x02I,\x16\x17\x87\x85\x85-l\
\xde\xbc\xf9\x0b\x0a\xd6\x00\x86\xf4\xee\xdd\xbb   `\
\x07\xc6\xb8\x94\xe38$\x93\xc9l#\x22\x22\x16\xb3\xf6\
\x05\xd4\x12\xd6\xbfE@\xaa\xd1\xae]\xbb>\x15\x8b\xc5\
\x0fhd\xe1\x22\x91\x88\xeb\xd8\xb1\xe3~\xd6c\x02\xd1\
\x95\x9d\x9d\xdde\x91H\xc4!\x848\x89D\xf2 &\
&\xc6\x8f\xb5'P\xcd\x05\x99\xb8\x96\xb2t\xe9\xd2U\
2\x99\xcc\x96\xe3\x94\xff\x98)\x93\xc9\xcaf\xce\x9c\x09\
-\xd7\xb4\x8c1c\xc6\xec\x92\xc9de\x08!\xf4\xea\
\xd5+\xdb\x15+V,+((\xd0gl\x0b\xa8!\
\x10\xc4\xb5\x90\x88\x88\x88\x91\x0f\x1f>\xb4S6\x80#\
\xf4:\x88\xf7\xe8\xd1\xe3\xc2\x97_~y\x83\x825@\
\x83X\xbe|\xf9v''\xa7\x22\x8c1\xe28\x0e=\
}\xfa\xd4e\xd9\xb2ePr(4X\xbf\x0a\x80\xe8\
\xaa\xa0\xa0@\xdf\xc2\xc2\x22\x9b\xd6\xf9(\x96\x96\x96\xe9\
\x85\x85\x85R\xd6\xe3\x02\xa9FG\x8f\x1eu544\
\xcc\xe5?r\x9a\x99\x99\xe5\xdd\xb8q\xc3\x9a\xb5/\xd0\
\xc7\x0b2q-c\xce\x9c9q\xbf\xfc\xf2\x8b+\xc7\
)\xbf\x8c\x22\x97\xcb\xcbF\x8c\x18\x91\x04\xbd\x19\xb5\x97\
\xfe\xfd\xfb\xdfvwwO\xe3\x03\xc2o\xbf\xfd\xe62\
i\xd2\xa4-\xac}\x01\x1f\x0f\x04q-\xe2\xfc\xf9\xf3\
M\xaf\x5c\xb9\xd2\x9do\xc9\xa5,\x0d\x1a4\xa8\x88\x8d\
\x8d\x8d\xa5r1@c\x89\x88\x88X`ll|\x87\
\x9f7\x99\x99\x99m\xe3\xe3\xe3\x070\xb6\x05|$\x10\
\xc4\xb5\x88y\xf3\xe6E\xd3j|\x8c\x10*\x8b\x8e\x8e\
\x9eC\xe3B\x80f\xd3\xb1c\xc7\xc7S\xa6L\x89\xe7\
K\x0eE\x22\x91u||<t\x00\x12\x08\x10\xc4\xb5\
\x84\x98\x98\x18\xbf\x1f\x7f\xfc\xb1=\x8d\x00\x8e1F\x1e\
\x1e\x1e\xd7\xe0c\xa6\xee\x10\x1e\x1e\x9e\xd0\xa0A\x83\x8a\
\xeaj$TXX\xe8\xbc`\xc1\x82\xa9\xac}\x01\x1f\
\x06\x82\xb8\x96\xb0a\xc3\x86\xe9\x84\x10k\x1ak\xe1\x84\
\x108\xa5P\x07\x991cF\x1c\xc6\xb8\x14\xa1\xd7g\
\x8eGDD\x84\xa6\xa7\xa7[\xb1\xf6\x05\xbc\x1f\x08\xe2\
Z@HH\xc8\xcc\xb2\xb22{\x99LF\xe3re\
\xa3G\x8f\xde\xe3\xe3\xe3s\x87\xc6\xc5\x00\xe1\x10\x1c\x1c\
\x9c\xcc\xb7r\xe38\x0e\x11B\xac\xd7\xae]\x1b\xcc\xda\
\x17\xf0~\xa0)\x84\xc0IMM\xb5\xe9\xd2\xa5K:\
B\xc8Z\xd9k\x11B\xd0'\x9f|r\xfd\xa7\x9f~\
\xeaJ\xc1\x1a @\xce\x9e=\xeb4p\xe0\xc0\xa3/\
_\xbel\x86\x10B\x12\x89\xe4\xfe\xa5K\x97\xbav\xee\
\xdc\xf9'\xd6\xde\x80w\x03\x99\xb8\xc0\x09\x0f\x0f_D\
\x08Q:\x80Wo\xf8(\xf3\xf7\xf7\xdfE\xc3\x17 \
Lz\xf5\xeaU\xe4\xed\xed}\x01\xa1\xd7{H\xfe\xfe\
\xfbo\xbba\xc3\x86\x1db\xed\x0bx\x0f\xac\x0b\xd5A\
\xb5\xd7\xd9\xb3g\x9d\x0d\x0c\x0cJi\x9dR\xe8\xe4\xe4\
\xf4=\xeb1\x81\xd8\xab\xa4\xa4\x84\xd4\xabW\xef\x16\xbf\
\x01\x08c\x5c\x11\x1b\x1b;\x84\xb5/\xd0\xbb\x05\x99\xb8\
\x80\x19?~\xfc\xce\x97/_\xdas\x9c\xf2\x1f3\xf5\
\xf5\xf5\x0b\xd6\xacY\x13B\xc9\x1a `\x1c\x1c\x1c\xe4\
3g\xce|\xf3\x91\x13cl\x1d\x1b\x1b;\x9b\xb5/\
\xe0\xdd@\x10\x17(\xcb\x97/\x0fx\xf8\xf0\xa1\x1d\xad\
\xebu\xea\xd4\xe9F\xff\xfe\xfdo\xd3\xba\x1e l\x16\
/^\x9chkk[\xce7\x8f\xb8\x7f\xff\xbe\xfd\xd8\
\xb1cW\xb1\xf6\x05\xfc/b\xd6\x06\x80\xda\xb1e\xcb\
\x96\xaf0\xc6\xd64:\xf6p\x1c\x87\x5c\x5c\x5c\xf2\xd7\
\xad[\xd7\x9f\x825@\x0b \x84\xc8\xdd\xdc\xdc\xb2\x1e\
<x\xe0U\xfd?Y\xef\xdb\xb7od\xa3F\x8d\xee\
[XX\xfc\xfc\xd7_\x7f\xe9\xf7\xef\xdf\xff\xb0\xb3\xb3\
\xf3K\xa6F\x01\xa8N\x11\x22#G\x8e\x8c\xdc\xb7o\
\xdfh\x8e\xe3\x94\xfe\xa0\xc9C\x08\xbc\x94\x01\xff\x84_\
s\xe5\xa9\xee\xcb\xf9\xe6\x9f\xfb\xf4\xe9\xb3\xf9\xc4\x89\x13\
A\xac\xfc\x01\xaf\x81 .0N\x9d:\xd5\xd2\xd7\xd7\
\xf7\x0c\xc7qJ7>\x06\x80\xdaB\x08Azzz\
\xf7\x8e\x1e=\xfay\xcf\x9e=\x0bY\xfb\xd1e \xfd\
\x12\x18\xd5\x9b/ \x80\x03L\x91\xcb\xe5\xe8\xaf\xbf\xfe\
\xb2_\xb4hQ8k/\xba\x0e\x04q\x01\x91\x94\x94\
\xe4u\xe1\xc2\x85\xcfh\xac\x83\x03\x80\xb2p\x1c\x87\xd2\
\xd3\xd3;\xadX\xb1\x22\x80\xb5\x17]\x06\x96S\x04\xc2\
\xbd{\xf7\x88\xbb\xbb{\xe6\x93'O\x94>+\x1c\x00\
h\x811F666i\x97/_\xee\xec\xe0\xe0\x00\
\xd9\x05\x03 \x13\x17\x08\x9b7o\x9eL\xa3\xd9\x03\x00\
\xd0\x84\xe38TQQ\xe1\x1e\x13\x133\x97\xb5\x17]\
\x052q\x01PXX\xa8\xef\xe9\xe9y\x13\x828\xa0\
\x89`\x8c\x91\x9e\x9e\xde\xbd#G\x8e\xf8\xf4\xee\xdd;\
\x9f\xb5\x1f]\x03\x82\xb8\x00\xe8\xde\xbd\xfb\x9e\xcb\x97/\
\x8f\x84\xbf+@S\xc1\x18\xa3\x8e\x1d;\x1eLMM\
\x1d\xca\xda\x8b\xae\x01\xcb)\x1a\xce\xe1\xc3\x87\xdb_\xbf\
~\xdd\x83\xb5\x0f\x00\xf8\x10\xd9\xd9\xd9m\xf7\xee\xdd\x0b\
sU\xcd@&\xae\xe1t\xee\xdc99--m\x08\
T\xa4\x00\x9a\x0e\xc6\x18\xd5\xaf_?\xeb\xf1\xe3\xc7m\
X{\xd1% \x13\xd7`\xc2\xc2\xc2F\xa7\xa5\xa5u\
\x82\x00\x0e\x08\x85\xff\xfc\xe7?VS\xa7N\x9d\xcf\xda\
\x87.\x01\x99\xb8\x86RXX\xa8\xef\xe1\xe1q\xf3\xd7\
_\x7fu\x85 \x0e\x08\x05B\x08\xb2\xb0\xb0\xc8\xfa\xe1\
\x87\x1f:4i\xd2\xe4\x15k?\xba\x00d\xe2\x1aJ\
||\xfc\xf4\xa7O\x9fB\x00\x07\x04\x85\x5c.G\xbf\
\xfc\xf2\x8b\xdb7\xdf|\x03G\xd7\xaa\x09\x08\xe2\x1a\xc8\
\xf5\xeb\xd7m\xb6l\xd9\xf2\x15\x04p@h`\x8c\x91\
D\x22\xb9\xdf\xa6M\x9b\x1fY{\xd1\x15`9E\x03\
qww?\x92\x91\x911\x00\xfen\x00\xa1\x811F\
\x1e\x1e\x1e\xfb\xaf\x5c\xb9\xf2%k/\xba\x02\x9c'\xae\
a\x1c8p\xa0\xd3\x9d;w\x5cUqm8n\x16\
P\xe4\xed\xa3fi\xe1\xe0\xe0PB\xfd\xa2\xc0\xbf\x02\
\x99\xb8\x86\xd1\xb8q\xe3\xd4\x87\x0f\x1fBE\x0a H\
\x08!\xc8\xd4\xd4\xf4\xce\x93'OZ\xb1\xf6\xa2+@\
&\xaeA\x04\x07\x07\xcf|\xf0\xe0\x01\x95\x96k\xd5\xdd\
\xeb\xdf\xfcs\x97.]PBBB]\xfeP\x7f@\
\xb7\xa9>\x81\xd0k\xfc\xf8\xf1\xc7ie\xe4|+\xb7\
\xdf~\xfb\xcd\xacg\xcf\x9e;\xcf\x9d;7Vy\xa7\
\xc0\x07a\xdd\xa9\x19\xf4Z%%%\xc4\xca\xca*\x93\
\x10\xa2t\xe7z\x84\x10G\x08\xe1\xf8ka\x8c9\x84\
\x10w\xfc\xf8\xf1v\xac\xc7\x09\xd2\x1cu\xeb\xd6\xed\x0c\
\x8d\xb9\xc6\xcf\xb1\xb7\xe6[\xc5\xee\xdd\xbb\xbdX\x8fQ\
\x17\x04\x8b\xa4\x1a\xc2\xa2E\x8b\x22+++\xddh,\
\xa3\x10B\xe4K\x97.\x9d6r\xe4\xc8\x0d|FN\
\x08Ak\xd7\xae\xfdZy\xa7\x806p\xe2\xc4\x89v\
\x19\x19\x19\x1e4\xde\xcc\x08!\xa8m\xdb\xb6(  \
\x00)\xcc7\xeb\xd8\xd8\xd8`\x0aV\x81\x0f\xc1\xfa\xb7\
\x08\x88CG\x8e\x1ci\x8b1\xae\xe03fe$\x12\
\x898gg\xe7\x1c\x8e\xe3PZZ\x9a\xb5\xb1\xb1\xf1\
\xef\x8a\x19\xd2\xce\x9d;\xfb\xb2\x1e/\x88\xbdlmm\
\xef\xd1\x98o\x18cN*\x95\x96\x1f;v\xcc-?\
?_\xbf~\xfd\xfa9\xfc|#\x84\x94GEE\x0d\
c=Vm\x17s\x03 \x0eu\xe9\xd2\xe5;\x1a\xcb\
(\x18c\x0ec\xcc\xad[\xb7\xee\xcd\x0f\xce\xb4i\xd3\
V\xf0?\xac\x18c\xce\xdc\xdc\xbc\xf2\xee\xdd\xbb\x12\xd6\
c\x06\xb1\xd3\xc2\x85\x0b\xe7\xf0\xf3\x81\xc6\x9c\xeb\xd9\xb3\
g\x22\x7f\xed\xe5\xcb\x97\x07b\x8c+\xab\x838gd\
dT\x9c\x95\x95e\xc6z\xcc\xda,\xe6\x06t]\xdb\
\xb6m\xfb\x8c\x10RN\xe3\x07\x8a\x10\xc2u\xed\xda5\
\xe5\xed{899\xe5(f\xe3s\xe7\xce\x0de=\
n\x10;5l\xd8\xf0\x1e\xad\xa4\xc1\xc0\xc0\xe0\xfe\x8d\
\x1b7\xac\x15\xaf\xdf\xb6m\xdb\x93\x8a\xd7\x0f\x0c\x0c\x5c\
\xc6z\xcc\xda,\xe6\x06tYw\xef\xde\x15\x9b\x9b\x9b\
\xe7\xd0\xca\x88\xea\xd6\xad\xfb\xf4\xca\x95+\x0eo\xdfg\
\xeb\xd6\xad\xfdE\x22\x91\x8c\xcf\xd4\xcd\xcc\xcc\x9e\x14\x14\
\x14\x18\xb0\x1e?H\xfd\xf2\xf3\xf3\xdbAc\xbe\xf1I\
CHH\xc8\xcc\xb7\xefq\xe0\xc0\x81\x8eR\xa9\xb4\x9c\
\x10\xc2a\x8c9cc\xe3\xa2\x8c\x8c\x0cK\xd6c\xd7\
V17\xa0\xcb\x9a<yr(\x1fXi\x04\xf1\xa1\
C\x87\xee\xf8\xb7{9;;\xe7(.\xabt\xeb\xd6\
\xed\x0c\xeb\xf1\x83\xd4\xabc\xc7\x8eu\xa0\xb5\x8cB\x08\
\xe1\x1a5j\x94VRRB\xdeu/\x0f\x0f\x8f\x03\
\x8a\xf3\xadE\x8b\x16\xe7X\x8f_[\xc5\xdc\x80\xae\xaa\
\xa0\xa0@\xdf\xcc\xcc,\x8fV\x00\xb7\xb4\xb4|\xfc\xbe\
\xfbegg\x9b\x1a\x19\x19=\xe7\xb3#\x89DR\x95\
\x9c\x9c\xec\xc1\xfa9\x80\xd4'oo\xef\xe3\x22\x91\x88\
J\x16\x8e1\xae\x8c\x89\x89\xf9\xe2\xdf\xeeU\x5c\x5c,\
\xaeW\xaf^>?\xdf\x08!\xe5\x9b6m\xfa\x9c\xf5\
3\xd0F17\xa0\xab\xf2\xf2\xf2\xdaKk]R\x22\
\x91TEGG\x8f\xf9\xd0='L\x98\x10\xa5P9\
\xc0u\xe8\xd0\xe1*\xeb\xe7\x00R\x8fv\xed\xda\xd5\x9b\
_R\xa3\x91\x85w\xed\xda\xf5\xe0\x87\xee9w\xee\xdc\
\x99\xfc/\x0d\x91H\x04\xd9\xb8\x8a\xc4\xdc\x80.*1\
1\xf1S\x84\x10\x95\x92B\x8c1\xd7\xb8q\xe3\xa2\x8f\
\xb9oNN\x8e\x89\xe2\xeb4!D\xb6t\xe9\xd2\xe9\
\xac\x9f\x07H\xb5*..\x96\xd4\xa9S\xe7wZ\xf3\
\xcd\xc0\xc0\xe0\xfe\xe9\xd3\xa7\x9b\x7f\xe8\xbe\xa5\xa5\xa5\xc4\
\xc0\xc0\xe0\xbe\xc2|+\x9f2e\xca|\xd6\xcfC\xdb\
\xc4\xdc\x80.\xaam\xdb\xb6\xc7he\xe1R\xa9\xf4\xe5\
\xde\xbd{{|\xec\xbd#\x22\x22&\x88D\x22\x19\xff\
\xdf\x9b\x9b\x9bW\xe6\xe6\xe6\x1a\xb1~& \xd5i\xee\
\xdc\xb94\xbf\xbdT\xf6\xed\xdbw\xeb\xc7\xde{\xf3\xe6\
\xcd}\xa5Ri9\x7f\x7f##\xa3\xe2\x9b7oZ\
\xb1~&\xda$\xe6\x06tM\xcb\x96-\x0b\x10\x89D\
\xe54\xd6%E\x22\x117d\xc8\x90]5\xf5\xd0\xa1\
C\x87\xab\xfck\xaeX,\xe6&M\x9a\x14\xc1\xfa\xb9\
\x80T'\x13\x13\x93\xa7\xb4\x96Q\xea\xd5\xab\x97_\xd3\
\xfb{{{\xef\x11\x8b\xc5o\xe6\xec\xf0\xe1\xc3\xd7\xb0\
~&\xda$\xe6\x06tIYYYf\x12\x89\xe4\x01\
\xad\xd7Z##\xa3\xe7\xd7\xaf_oTS\x1f\xbbw\
\xef\xee\xc9_\x03c\xcc\x19\x1a\x1a>?\x7f\xfe\xbc3\
\xeb\xe7\x03\xa2\xafn\xdd\xba\x9d\xa15\xdf\xc4bq\xc5\
\xf2\xe5\xcb\x03k\xea\xe1\xc4\x89\x13\xae\x08\xa1J~\xbe\
I\xa5\xd2\xb2#G\x8e\xb4e\xfdl\xb4E\xcc\x0d\xe8\
\x92\xfc\xfd\xfdW\xd1:\xe0\x0ac\xcc\x05\x04\x04\xc4\xd5\
\xd6\x8b\x97\x97\xd7\x19E/\xae\xae\xaei\xac\x9f\x0f\x88\
\xae\x8e\x1c9\xd2Q$\x12\xc9h-\xdd\x19\x1a\x1a\xde\
\xab\xad\x17__\xdf\xcd\x84\x90\xc7\xfc\xb5\xec\xec\xecR\
Y?\x1fm\x11s\x03\xba\xa2\x1f~\xf8\xc1\xc6\xc4\xc4\
\xa4\x80\xd6km\x93&M\xf2\x94\xf1\x93\x9b\x9bkd\
ii\xf9\x98/\x01\xd3\xd7\xd7\x7f\xb1{\xf7\xee\x9e\xac\
\x9f\x13\x88\x9e\xdc\xdd\xdd/S\xfc\xf6R\xbeo\xdf\xbe\
\xae\xca\xf8i\xd8\xb0a\x06?\xdf\xa4Ri\xd9\xbau\
\xeb\x06\xb0~F\xda \xe6\x06tE\x0e\x0e\x0eWi\
\xbd\xd6\x12Bd\x1b7n\x1c\xa2\xac\xa7\xc9\x93'G\
(\xfeb\xb0\xb1\xb1\xb9\xcf\xfa9\x81\xe8h\xc5\x8a\x15\
\x93i\xed\xcc\x14\x8b\xc5\x5cM>f\xfe\x9b\x16/^\
\x1c\xa4\xb8\xacbnn\x9e\xc3\xfa9i\x83\x98\x1b\xd0\
\x05m\xd8\xb0\xc1W$\x12Q9\x1f\xa5z\xf7[&\
-o\xd6\xd6\xd6\x0f\x15w\xd6M\x9d:u\x15\xeb\xe7\
\x05RN\xb9\xb9\xb9F\xe6\xe6\xe6\x95\xb4\xe6\x1bB\xa8\
2%%\xc5\x89\x86\xb7\xc6\x8d\x1b\xdfP\x98o\x15#\
F\x8c\x88d\xfd\xbc\x84.\xe6\x06tAM\x9b6\xa5\
\xf2Z\x8b\x10\xe2\xf4\xf4\xf4^\xde\xbcy\xd3\x9a\x96\xb7\
]\xbbv\xf5\x96H$U\x08\xbd\xae\x1c\xa8_\xbf~\
E^^\x1e\x94\x1c\x0aXS\xa6L\xa1\xf6\xed\x85\x10\
\xf2x\xc4\x88\x11\xd4\xaaIN\x9e<\xd9R*\x95\x96\
\xf3o\x7f\xa6\xa6\xa6yiiiPr\xa8\x84\x98\x1b\
\xd0v\x05\x05\x05-\xc2\x18W\xd0\xf8\x81\xc2\x18s\xfe\
\xfe\xfe\xebh{\xec\xd2\xa5K\x8a\xc2\x86\x0cn\xd0\xa0\
A\xbbY?7P\xedt\xe5\xca\x15\x07Z\x1b{\x08\
!\x9c\x83\x83\xc3u\xda\x1e\xfb\xf4\xe9\xb3]q\xbe\xf5\
\xea\xd5k;\xeb\xe7&d17\xa0\xcdJMM\xb5\
666.\xa2\xf5qI__\xff\xc5\xad[\xb7\xa8\
\x9f\x06w\xec\xd8\xb1\x0eR\xa9\xf4%\xbfV\x891\xe6\
\xf6\xef\xdf\x0f\xad\xb5\x04\xa8\x0e\x1d:P\xfb\xf6\x82\x10\
\xaa\x8c\x88\x88\x18M\xdb\xe3\xc5\x8b\x17\x1d\xf4\xf4\xf4\xca\
\x15\xe6[\xc5\xe6\xcd\x9b\xe1\x5c\x95Z\x8a\xb9\x01m\xd6\
\xd0\xa1C\xd7\xd2,)\x5c\xbe|\xf9TUy\x1d7\
n\x5c\x9c\xe2\xb9*\xee\xee\xee\x97Y??P\xcd\x94\
\x98\x98\xd8\x9b\xffeLc\xbe5m\xda\xf4\x9a\xaa\xbc\
\xce\x9a5+X\xb1y\x04\x9c\xabR{17\xa0\xad\
JNNvG\x08QYF!\x84pnnn7\
T\xe9\xb7\xa4\xa4\x84X[[?\xe4K\xc0D\x22\x91\
,>>\xde\x8f\xf5s\x04}\xbc\x14\x9b\x7f(\x1b\xc0\
\x0d\x0d\x0d\xef]\xb8p\xa1\x89*\xfd:88\x5c\xe7\
\xe7\x1b\xc6\xb8\x22,,\x8cz\xd6\xaf\x0bbn@[\
\xe5\xe2\xe2r\x9e\xd6\x0f\x14B\x88\xdb\xb6m[?U\
{\x9e?\x7f\xfe<\xc5%\x15cc\xe3\xdf\xf3\xf3\xf3\
\xa1y\x84\x004u\xea\xd4U\xb4J\x0a1\xc6\xdc\xe0\
\xc1\x83\xd7\xab\xdasDD\xc4h\x8c\xf1\x9b\x92Ch\
\xe5V;17\xa0\x8d\x8a\x8b\x8b\x1bDs{}\x97\
.]\xfe\xa7\xe5\x9a\xaa\xe4\xe2\xe2\x92\xad\xd8\xcam\xe2\
\xc4\x89Q\xac\x9f'\xe8\xfd\xca\xce\xce6\xad_\xbf~\
\x05\xcd,\xfc\xed\x96k\xaaR\x9b6mN+\x96\xb8\
~\xf9\xe5\x97p\xaeJ\x0d\xc5\xdc\x806\xca\xd4\xd4\x94\
J\xb3\x87\xea\x12\xac'\xc5\xc5\xc5jkl|\xec\xd8\
\xb1\x0e\xfa\xfa\xfa/\x14\xb3qh\xe5\xa6\xd9\x1a:t\
\xe8\x0eZ\xcd\x1e\x08!\x8f\x17/^\x1c\xa4.\xefW\
\xae\x5cilddtO\xe1\x1c\x9fbu\xfd\x02\xd1\
\x1617\xa0m\x1a1bD$\xcd\x92B\x16\x99p\
\xf7\xee\xddO*~\xe4\xec\xd8\xb1#|\xe4\xd4P%\
''{(.\xbb)\x9b44k\xd6\xec\x92\xba\xc7\
\xd0\xbf\x7f\xff\x04\xc5l\xbcu\xeb\xd6\xa7X?W!\
\x89\xb9\x01m\xd2\xad[\xb7\xcc\x8d\x8d\x8d\x8bh-\xa3\
\xe8\xeb\xeb\xbf`1\x8e\xac\xac\xacz\x8a\x8d\x95\x11R\
\xcf\x9a<\xa8\xe6j\xd7\xae\xdduZ\xcb(\x18\xe3\xca\
u\xeb\xd6\x0dT\xf7\x18\x0a\x0a\x0a\xf4\x15\xcf\x1cG\x08\
U\xc4\xc4\xc4\xc0G\xf5\x8f\x14s\x03\xda$oo\xef\
D\x9a\xcd\x1e\x12\x12\x12\x94>\x1f\xa5\xb6\x0a\x0e\x0e^\
\xc4\xbf\xa2\x13B\xe0\x94C\x0dTBB\xc2\x10\x9a%\
\x85^^^\xfbY\x8de\xf9\xf2\xe5\x81b\xb1\xb8\x02\
\xa1\xd7;\x87\x9d\x9d\x9d/\xb2~\xbeB\x11s\x03\xda\
\xa2\xf5\xeb\xd7\x0f\xc0\x18Si\xb9F\x08\xe1\xda\xb7o\
\xcf\xb4\xff\xe5\xdd\xbbw%\xfc)\x87\xd5\x9ed\xf3\xe7\
\xcf\x9f\xc7\xfa9\x83\xfe_\x06\x06\x06/h\x05pc\
c\xe3\x92\xcc\xccL\xa6\x95!\x8d\x1a5JS\x98o\
\xd0\xca\xed#\xc5\xdc\x80\xb6\xa8Y\xb3f\xe7)\xee\x94\
\xe3\x0e\x1c8\xc0\xbc\x13}LL\xcc\x18\xc5\xb5J\x89\
DR\x95\x9e\x9e\x0e\xe7\x5ch\x80\xc6\x8f\x1f\x1fC\xb3\
\xa4p\xf8\xf0\xe1\xd1\xac\xc7\xb4y\xf3\xe6\xbe\xfc\x06\xa0\
\xea&\x14\x0f.]\xbad\xcf\xda\x97\xa6\x8b\xb9\x01m\
\xd0\xb2e\xcb\x02h}\xcc$\x84\xd4\xaa\xe5\x9a\xaa\xe4\
\xe1\xe1qVqYe\xc4\x88\x11\x09\xac=\xe9\xba\x8a\
\x8b\x8b%fffOh-\xdd\x19\x1b\x1b\x97\x94\x96\
\x96\x12\xd6\xe3\xe28\x0e\xf5\xec\xd93Qq\xbe\xf9\xfa\
\xfand\xedI\xd3\xc5\xdc\x80\xd0\x95\x96\x96fU\xa7\
N\x1d*\x1f3\x09!\x9c\x95\x95UEvv\xb6)\
\xebq\xf1:z\xf4\xe8?\xceU122z\x9e\x92\
\x92\xe2\xc2\xda\x97.\xcb\xd3\xd3\xf3,\xad\xb7>\x89D\
R\xb1v\xed\xda\xa1\xac\xc7\xc4\xeb\xfc\xf9\xf3M\x8c\x8c\
\x8c\xee\xf1;9\x0d\x0c\x0cJO\x9c8\xe1\xca\xda\x97\
&\x8b\xb9\x01\xa1k\xf0\xe0\xc1q4_k\xa7M\x9b\
\xb6\x82\xf5\x98\xdeV\x8f\x1e=\x8e+.\xab\xd8\xdb\xdb\
\x17\xb1\xf6\xa4\xab\xda\xb6m[?\xc5e7e\x93\x86\
\xe6\xcd\x9b_`=\xa6\xb75d\xc8\x90\xf5\x8a\xcb*\
\x16\x16\x16\xd9\xac=i\xb2\x98\x1b\x10\xb2.^\xbch\
ohhXL\xeb\x07\xaai\xd3\xa6J\xb5\x5cS\xa5\
>\xf9\xe4\x937\xe7\xaa\x10Bdk\xd7\xae\x1d\xc5\xda\
\x93.\xca\xcd\xcd\xed\x06\xadC\xd5\x10B\x95\xfb\xf7\xef\
\xef\xcczL\xef\x92\xad\xad\xed\x9bVn\x08\xa1\x8a\x15\
+V\xf8\xb3\xf6\xa4\xa9bn@\xc8rvv\xbeH\
\xb3\xa4P\x93{\x5c.\x5c\xb8p\x0e\xbf\xa4B\x08\x81\
l\x9c\x81h\xb6\x5c\xab>7~\x03\xeb1\xfd\x9b\x22\
##G\x12B\x1e\xf3\xf3\xcd\xc6\xc6&\x9d\xb5'M\
\x15s\x03BUDD\xc4H\x84\x10\x95\x92B\x8c\xb1\
 vE\xd6\xad[\xf7\xa9\xe2\xb2\xca\xa8Q\xa3\xe2Y\
{\xd2\x15\xdd\xbau\xcb\x92?\x0e\x81F\x00711\
\xb9\x9b\x9a\x9a\xaa\xd1\xdb\xdb\x1b6l\x98\xa1\xd8\xca\xad\
\x7f\xff\xfe0\xdf\xde!\xe6\x06\x84*GG\xc7\xab\xb4\
\xb2\xf0:u\xea\xfc~\xf9\xf2e\x07\xd6c\xfa\x90\x92\
\x93\x93=\xf8@B\x08\x11\x8com\x90\xbf\xbf\xff:\
\x8a\xdf^*\xc7\x8f\x1f\xafq\xdf^\xde\xd6\x89\x13'\
\x5c\x0d\x0d\x0d\xef\xf1\xf3M*\x95\x96\x9d>}\x1a>\
\xaa\xbf%\xe6\x06\x84(\x7f\x7f\xffU\x84\x90rZ\xaf\
\xb5BjN\xdc\xa7O\x9fd\xfe\x97\x97H$\xe2|\
||\xbec\xedI\xdbu\xf3\xe6Mk==\xbd\x97\
\xb4\xe6[\x93&MT\xd6\xec\x81\xb6\xfc\xfc\xfc\xe2\x14\
\xe7[\x8f\x1e=\x12Y{\xd2417 4\x9d?\
\x7f\xde\x91\xe62\x8a\xa5\xa5\xe5c!5&NII\
qQ<W\x05c\xcc%&&\xf6f\xedK\x9b\xa5\
x<\xb0\xb2\xf3M$\x12=\xde\xb0aC\x7f\xd6c\
\xfaX\xfd\xf0\xc3\x0f6b\xb1\xb8B\xb1\x95[BB\
\x82\x0fk_\x9a$\xe6\x06\x84&\x1f\x1f\x9fM\xb4\x8e\
\xfdTu\xcb5U\xa9\xba\x95\x9b\x8c\xcf\xec\x1c\x1c\x1c\
\x0aX{\xd2Vm\xd8\xb0\xc1O\xf1 2e\xe7\x9b\
\xa3\xa3#\xf5\xc6\xc7\xaa\xd6\xb4i\xd3\xe6\x13B\x1e\xf3\
\xf3\xcd\xda\xda\xfa\x16kO\x9a$\xe6\x06\x84\xa4\xe4\xe4\
dw\xa9TZF\xeb\xe3\x92\x90\xfbX:::\x16\
\xf0%`\x12\x89\xa4*\x22\x22b\x02kO\xda\xa8\xa6\
M\x9b\xe6\xd1\xdc\x99y\xf9\xf2\xe5\xc6\xac\xc7T\x1b\xb9\
\xb8\xb8\x5c\xe2\xe7\x9bX,~\xb0x\xf1\xe2\x89\xac=\
i\x8a\x98\x1b\x10\x92\xf4\xf5\xf5Ki\x05p\xb1X\x5c\
u\xf4\xe8\xd1\x0e\xac\xc7T[\x85\x87\x87O\xe0\x83\x03\
\xc6\x98\xd3\xd3\xd3{YRR\xa2\x11[\xb7\xb5E\xe3\
\xc6\x8d\xa3\xb6\x91\x8c\x10\xc2\xf9\xfb\xfb\x87\xb3\x1eSm\
\x15\x1f\x1f\xdf\x1f!\xf4\xa6\x95\x9bT*-+**\
\x92\xb2\xf6\xa5\x09bn@(Z\xb1b\x85\xbfH$\
*\xa7\xf5Z\xdb\xad[\xb73\xac\xc7\xa4\xac\x9a7o\
\x9e\xa9\xd8\xcam\xf0\xe0\xc1\x1as\xe6\x8b\xd0u\xfd\xfa\
\xf5F\x86\x86\x86\xcfin\xafg}J\xa1\xb2j\xdd\
\xba\xf5\xf7\x8a\xf3\xadO\x9f>[X{\xd2\x0417\
 \x14YXXP\xfb\xb8T\xa7N\x9d\xdfY\x8f\x87\
\x86\xae^\xbd\xdaX\xb1\x95\x9b\x91\x91\xd1\xf3\xd4\xd4\xd4\
\x86\xac}i\x83\x06\x0f\x1e\xbcK\xa8-\xd7T\xa5\xec\
\xec\xec\xba\x06\x06\x06\xf7\xf9\xf9f``Pz\xee\xdc\
\xb9\xa6\xac}\xb1\x16s\x03B\x90\x8f\x8f\xcf&\x1a\xa7\
\x14\xf2\x93o\xde\xbcyZs.\xf7\xd0\xa1Cw(\
fGB\xd8\xb4\xa4\xe9\xfa\xf6\xdbo?\xd5\xd3\xd3\xa3\
\xd2\xec\x81\x10\xc2\xb5i\xd3\xe64\xeb1\xd1\xd2\x981\
c\xc2\x157\x9c\xb5i\xd3\xe6\x04kO\xac\xc5\xdc\x80\
\xa6\xeb\xf4\xe9\xd3.\xb4\xd6\xc2\xf9lU\x9b\xd6\x8e3\
22\xac\x14\xb3q\x8c1\x17\x15\x155\x96\xb5/!\
\xabQ\xa3F%\x14\xcf\xa6\xafLLL\xec\xcezL\
\xb4\xf4v6\x8e1\xaeX\xbe|y\x00k_,\xc5\
\xdc\x80\xa6\xcb\xd3\xd3\xf3[Z\xcb(\x84\x10\x996\xd6\
T/[\xb6l\xaa\xe2\xb9*M\x9a4\xd1\xd8\x83\xbc\
4]QQQc%\x12I\x15\xad \xde\xb5k\xd7\
\x83\xac\xc7D[k\xd6\xac\x19\xaex\xae\x8a\xad\xad\xed\
M\xd6\x9eX\x8a\xb9\x01MV\x5c\x5c\xdc Z\xcd\x1e\
D\x22\x11\xe7\xed\xed}\x9c\xf5\x98T\xa5f\xcd\x9a\xbd\
\xf9f@\x08\x91\x85\x84\x84\x84\xb2\xf6$D\xd5\xaf_\
\x9f\xdaF2SS\xd3\xc2\x82\x82\x02}\xd6cR\x85\
\xdc\xdc\xdcN+4\x8f(\x9f6m\xda\x5c\xd6\x9eX\
\x89\xb9\x01MUII\x09\xb1\xb5\xb5\xbdI+\x0bG\
\x08q\xc7\x8e\x1d\x13lI\xe1\x87\xb4q\xe3\xc6!\x8a\
K*\x06\x06\x06/\xe0\x5c\x95\x9ai\xe8\xd0\xa1;h\
\x05p\x8c17y\xf2\xe4E\xac\xc7\xa4*m\xdf\xbe\
\xbd\x17R(9\xd4\xd7\xd7\xd7\xd9\x8f\x9c\xcc\x0dh\xaa\
\xe6\xcd\x9b7\x95\xd6\xb9\xcd\x84\x10\x99&\xb5\x5cS\x95\
>\xfd\xf4\xd3\x93\x8a\x1f9\xfb\xf6\xed\x0b\xe7\xaa|\xa4\
._\xbe\xec`bb\xf2\x94V\xd2`ffVX\
XX\xa8\xd5u\xd4={\xf6LT\xfc\xc8\xd9\xbd{\
\xf7=\xac=\xb1\x10s\x03\x9a\xa8\xf4\xf4tK\x9a\xcd\
\x1elmm\xef\xb1\x1e\x93:t\xfd\xfa\xf5Fu\xeb\
\xd6}\x13\x88\xf4\xf4\xf4^\x9e:u\xca\x8d\xb5/!\
\xc8\xc3\xc3\xe3,\xad\x00\x8e1\xae\xdc\xb2eK\x1f\xd6\
cR\xb5233\xcd\xcc\xcd\xcd\xf3\xf9\xe7&\x95J\
\xcb\x0e\x1e<\xd8\x9e\xb5/u\x8b\xb9\x01MT\xcf\x9e\
=w\xd2\xec\x5c\xbfp\xe1\xc29\xac\xc7\xa4.}\xf1\
\xc5\x17[\xa1\x95[\xcd\xb4~\xfd\xfaa\xb4\xceG!\
\x84p\x9d;w>\xcczL\xeaR@@\xc0*\xc5\
Vnvvv\xa9\xac=\xa9[\xcc\x0dh\x9aN\x9c\
8\xe1\xaa\xa7\xa7G\xe5|\x14\x8c1gccs\x9f\
\xf5\x98\xd4-ss\xf3J\xc5\xacr\xe9\xd2\xa5\xd3Y\
{\xd2d999\xe5\xd0\xd8\xd8\xc3\x97\x14&''\
wd=&u\xca\xd2\xd22W\xb1\x95[pp\xf0\
L\xd6\x9e\xd4)\xe6\x064M-[\xb6\xfc\x9e\xd6k\
\xad\xa1\xa1\xe1\xf3\x13'N\xb4c=&u+66\
v\x14_&\xa7K\xcbI\xb5\xd1\xa2E\x8b\xe6\xf0'\
B\xd2\x98s~~~q\xac\xc7\xa4nm\xda\xb4\xa9\
\xaf\x9e\x9e^9?\xdf\x1a4h\x90\xaeM{1>\
$\xe6\x064I\xa1\xa1\xa1\x931\xc6TJ\xbc\x10B\
\x5c\x8f\x1e=\xb4\xb6\xa4\xf0C\xb2\xb5\xb5\xbd\xc7?G\
B\x88l\xe0\xc0\x81\xbbY{\xd24\xdd\xbau\xcb\x92\
?\x9b\x9d\xc62\x8a\x95\x95UNii\xa9\xce\x04/\
E9;;_Q\x98o\x9c\x8f\x8f\xcf&\xd6\x9e\xd4\
%\xe6\x064E\xc5\xc5\xc5\xe2\x86\x0d\x1bR+)\xd4\
\xf5\x12\xbb\x83\x07\x0fv\x96J\xa5/\x15\xd7zu\xf1\
\xad\xe4}\x1a4h\xd0n\x8a%\x85\x95\xb3f\xcd\x0a\
f=&V:v\xec\x98\x1b\x9f\x8d\xf3\xcb*\xba\xf2\
\x91\x93\xb9\x01MQ``\xe02Z\x07\x0e\x89D\x22\
\xd9\x9c9s\xb4\xb6F\xf7c5l\xd8\xb0\xad\xfc3\
\x15\x8b\xc5:\xfdf\xf2\xb6\xae]\xbb\xd6\x98\xe6\xf9(\
666\x99\xac\xc7\xc4Z\xa3G\x8f\x8e\x14\x8b\xc5\xfc\
\xcf \xe7\xe9\xe9\xf9-kO\xea\x10s\x03\x9a\xa0\x93\
'O\xb6\x94H$\x0fheEP\x91\xf1Z\xa9\xa9\
\xa9\x0d\x8d\x8c\x8c\xde\x1c\xa7*\x91H\xaa\xb6l\xd9\x22\
\x98\xd6`\xaa\x94\xb3\xb3s\x0e\xc5\xb7\xbe\xfb\xfb\xf7\xef\
\xef\xcczL\xac\xf5\xe3\x8f?\x9a\x9b\x99\x99\x15*\xcc\
\xb7\x07\x1b7n\xd4\xfaVn\xcc\x0dh\x82\xbav\xed\
\xfa\x1d\xcd\x9dr\xd0\xe5\xe6\xff\x15\x14\x14\xb4\x9a\xffp\
W\xbd\xb3\xee\x05kO\xac\x15\x1e\x1e>\x81f\xcb\xb5\
\x0e\x1d:\xc0\x1bN\xb5f\xcc\x981\x97/9\xac\xce\
\xc8\xcb\xef\xde\xbd+f\xedK\x95bn\x80\xb5\x92\x92\
\x92<hv\xec\xe9\xd4\xa9\xd3E\xd6c\xd24\xb9\xb8\
\xb8d\x8bD\x22\xbeQ\xafl\xfe\xfc\xf9Zs\x14o\
mdoo_D+\x0b\xd7\xd7\xd7\xbf/\xd4\x96k\
\xaaR\x8b\x16-.\xf0\xcbx\x18cn\xe6\xcc\x99Z\
\xfd\xad\x80\xb9\x01\xd6233\xcb\xa3\x15\xc0\x8d\x8c\x8c\
\x9e\x9f?\x7f\xde\x99\xf5\x984M\x9b6m\x1a\xa8x\
\xca\xa1\x99\x99\xd9\x13]*\x01ST```\x0c\xad\
\x92B\xb1X\xccM\x992\x05\x0e\x1a{K\xbbv\xed\
\xea.\x16\x8b+\xf8\xf9V\xb7n]\xadn\xe4\xcd\xdc\
\x00K\xcd\x9c93\x18!D\xed\xd4\xb8\x01\x03\x06$\
\xb1\x1e\x93\xa6\xaaE\x8b\x16\x99\x8a;9\xbd\xbc\xbc\x04\
\xdf\x9e\xae\xa6:w\xee\x9c\x0b\xcd\x92\xc2\xfa\xf5\xeb\xe7\
\xe4\xe7\xe7k\xe5)\x85\xca\xaa}\xfb\xf6\xc7\x15\xe6[\
\x85\xbb\xbb\xfb!\xd6\x9eT%\xe6\x06X\xca\xca\xca*\
\x93\xd6k\xad\xa9\xa9\xe9\x93\xbc\xbc<#\xd6c\xd2T\
\xa5\xa7\xa7[\xf1\x1f9\xab\x1b\xdd\xbeLNN\xf6`\
\xedK\x9d\xea\xd3\xa7O2\xadC\xd50\xc6\x95\xcb\x96\
-\x0bd=&MUFF\x86e\x9d:uJ\xf8\
\xf9&\x12\x89\xca\x93\x92\x92\xb4r\xbe17\xc0J=\
z\xf4H\xa4uV8!D\xb6r\xe5\xca\xc9\xac\xc7\
\xa4\xe9\x0a\x08\x08x\xd3\xbd\x9d\x10\xc2\xb5m\xdb\xf6:\
kO\xeaRrr\xb2\x07\xad\x92B\x91H\xc4\xb9\xbb\
\xbb\x1fe=&M\xd7\xa4I\x93\x16)\xce777\
7\xadl\xe5\xc6\xdc\x00\x0b\xed\xdb\xb7\xaf\x0b\xade\x14\
B\x08\xe7\xe8\xe8\xa8\xd5kn\xb4\x94\x95\x95U\xcf\xc8\
\xc8\xe8\xb9\xe2q\xb5\xcb\x97/\x9f\xca\xda\x97:dn\
n^Ik\xd9N*\x95\x96\x1f<xPk\xcf\xa6\
\xa7\xa5\x9c\x9c\x1cccc\xe3\x12\xc5e\x95\xc5\x8b\x17\
Od\xed\x8b\xb6\x98\x1b`\xa1N\x9d:\xd1|\xad\xe5\
v\xee\xdc\xd9\x97\xf5\x98\x84\xa2\xd5\xabW\x07\xf2\x1f\xf6\
\xaa\xb7\x8aW\xe4\xe7\xe7\x1b\xb0\xf6\xa5J-Z\xb4h\
\x0e?Wh\xcc\xb7n\xdd\xba\xedg=&\xa1(:\
:\xfa\x0b\xbe\xe4\x90\x10\xc2\xd5\xabW/\xe7\xf6\xed\xdb\
uY\xfb\xa2)\xe6\x06\xd4\xad\xd8\xd8\xd8!\x14\x97Q\
\xa0\xf1A-\xd4\xae]\xbb\xeb\xfc\xa9s\x84\x10n\xd2\
\xa4I\x11\xac=\xa9R\x0d\x1a4\xb8O\xeb\xdb\x8b\xb9\
\xb9y>|{\xa9\x99:v\xecxT\xf1\xedo\xc2\
\x84\x09KX{\xa2)\xe6\x06\xd4\xa9\xbc\xbc<C\xa9\
TJ\xe5\x98YB\x08g``\xf0\xe2\xd2\xa5K:\
\xd9\x12J\x19\xed\xda\xb5\xab\xb7bf*\x16\x8b\xab.\
^\xbc\xa8\x95\xcf\xb1G\x8f\x1e\xc7i\xcc7\xfey\xcd\
\x9f?\x1f\x8e\xf5\xad\xa1\xbe\xfd\xf6\xdb\xae\xa8\xba\x95[\
\xf5|{p\xf1\xe2E{\xd6\xbeh\x89\xb9\x01uj\
\xca\x94)\xf3\x15\xce\x1dV\xfa\x07j\xf8\xf0\xe1\x9bY\
\x8fI\xa8R\x0cn\xd5]\xd9SX{\xa2\xad\xa3G\
\x8fv\xa0\xd5\xb9\x9e\x10\xc2YXX\xe4\xeaj}\xbd\
\xb2\xf2\xf6\xf6\xde\xa3\xd8<\xa2C\x87\x0eGX{\xa2\
%\xe6\x06\xd4\xa5\x82\x82\x02}\x9aYx\x83\x06\x0dt\
\xae\xd9\x03m\x99\x99\x99=\xe1\x7f\xa9\x8aD\x22\xd9\x81\
\x03\x07\xb4\xaa\x04\xcc\xc3\xc3\xe3,\xadC\xd5\x08!\x8f\
w\xee\xdc\xd9\x83\xf5\x98\x84,33\xb3B\x85\xf9V\
\xbeg\xcf\x1e/\xd6\x9eh\x88\xb9\x01u\xa9}\xfb\xf6\
Ghe\xe0\x84\x10YTT\xd4X\xd6c\x12\xba\xa6\
L\x99\xb2\x8a\xaf\xe3\xd5\xb6\x83\xc3\xa2\xa3\xa3\xc7\xd0l\
\xb9\xe6\xed\xed\xad\x93M\x80ij\xd6\xacY\xc1\x18\xe3\
J\xfe[L\xe3\xc6\x8d\x7f`\xed\x89\x86\x98\x1bP\x87\
\x92\x92\x92<\xc4b1\xb5S\x0a\xeb\xd7\xaf_\xc1z\
L\xda\x22\xc5\x0d@\x18cn\xfa\xf4\xe9+X{R\
V\xc5\xc5\xc5\x12\x0b\x0b\x8b\xc74\x1b\x1f\x9f:u\xaa\
%\xebqi\x83\xf8\x0d@\xd5\xcf\xb6b\xd2\xa4I\x82\
?\xb6\x80\xb9\x01u\xa8E\x8b\x16\xe7h6{\xb8p\
\xe1\x02\x9c\x8fBI;v\xec\xe8\xcb7\x8f\xe0K\x0e\
\x85^}\x11\x1c\x1c\xbc\x88?\xd7\x9a\xc2\x9c\xab\xfc\xe2\
\x8b/\xd6\xb2\x1e\x93\xb6h\xcf\x9e=\xdd\xa4R\xe9\x9b\
Vn\x16\x16\x16\xd9YYYf\xac})#\xe6\x06\
T\xadY\xb3f\xcd\xa6YR8l\xd8\xb0\xad\xac\xc7\
\xa4m\xea\xdc\xb9\xf3E\xfe\x97,!\x84\x1b<x\xf0\
.\xd6\x9ej\xab\x1f\x7f\xfc\xd1R__\xff\x05\xc5o\
/\x99\xac\xc7\xa4m\xea\xd6\xad\xdb\xfe\xb7\xe6\x9b\xa0\xfb\
\x9227\xa0Jeee\x99\xd1:\xa5\x90\xbf\xc6\x8d\
\x1b7\x1a\xb2\x1e\x97\xb6\xe9\xc4\x89\x13\xed\x14\x9f3!\
D\xb6\x7f\xff~A~t\xf2\xf4\xf4<K\xb3\xe5\x1a\
\x9c\x8f\xa2\x92\xf9\xe6\x8a\x10zS\xa9\x22\x16\x8b\x1f\xec\
\xdd\xbbW\xb0\x1f\xd5\x99\x1bP\xa5\xc6\x8c\x19\xb3\x8a\xd6\
\xceL\x91H$\x9b5k\x96Vm\x12\xd0$\x8d\x1e\
=:\x9e\xaf\xe4 \x84p\xed\xdb\xb7\xbf\xca\xdaSM\
u\xe4\xc8\x91\x8e\x06\x06\x06T\xb2p\x8c1d\xe1*\
\xd4\x981c\xc2\x157\x00\xb5n\xdd\xfa\x14kO\xb5\
\x15s\x03\xaa\xd2\xb1c\xc7\xdch5{\x10\x89D\x5c\
\xcb\x96-3X\x8fI\x9b\x95\x97\x97gdmm\xfd\
\x90\xff\xc1\x92J\xa5/\xd7\xaf_?\x8c\xb5\xaf\x9a\xa8\
Y\xb3f\xd9\xb4\x02\xb8\xbe\xbe\xfe\xfd\xef\xbf\xff\xbe\x19\
\xeb1i\xab\xee\xde\xbd+n\xd8\xb0a\x06\x9f8H\
\xa5\xd2\xb2u\xeb\xd6\x0d`\xed\xab6bn@Ur\
uu=Es\x19%>>\xde\x8f\xf5\x98\xb4]!\
!!\xa1\x8a\x1b\x80LLL\x9e\x16\x16\x16\xea\xb1\xf6\
\xf51Z\xb0`A\x08\xcd\x92B___\xd8H\xa6\
b\xcd\x9f?\x7f:_r\x881\xe6\xcc\xcc\xcc\xf2\x8a\
\x8a\x8a\xa4\xac}\xd5T\xcc\x0d\xa8B\x1b7n\xf4\x11\
\x8b\xc5\x0fh,\xa3\xe8\xda\x91\xa9\xac\xe5\xe2\xe2\x92\xad\
\xb8\x046n\xdc8\x8d\xff\xe8TRRB\x14\xdf\x22\
($\x0d\x95W\xaf^m\xc4z\x5c\xba ''\xa7\
+\x8a\x7foc\xc6\x8cY\xc5\xdaSM\xc5\xdc\x80*\
\xd4\xb0a\xc3\x9b4~\xa0\xaa[;=\xbdy\xf3\xa6\
5\xeb1\xe9\x8a\xbe\xfd\xf6\xdbO\xf9s\xb7\xabO\x9d\
\xab\xbcs\xe7\x8e\x09k_\xef\x93\xe29\xe9\x14\x96\xee\
\x1e\xcf\x9a5K\xab{Bj\x92\x0e\x1e<\xd8A_\
_\xff\xbe\xc2|\xcb\xc9\xcc\xcc\x14T\xc9!s\x03\xb4\
\xe5\xef\xef\xbf\x8aFI!\xff\x8a5j\xd4\xa8x\xd6\
c\xd25u\xea\xd4\xe9\xa2\xe2\xb2\x8a\x9b\x9b\xdb\x0d\xd6\
\x9e\xfeM'N\x9ch'\x16\x8b\xa9\x9c\x8f\x22\x12\x89\
8GGGx\xebS\xb3<==\x0f(\xfe\xdc\xb7\
k\xd7\xee\x18kO5\x11s\x034\x95\x96\x96fe\
nn\x9eC\xeb\xb5V\x08Y\xa06\xea\xe6\xcd\x9b\xd6\
&&&O\x15\xd7\x98\xb7l\xd9\xd2\x9f\xb5\xafw\xc9\
\xd3\xd3\xf3,\xcd\x9d\x99\xabW\xaf\x1e\xc9zL\xba\xa6\
\xeb\xd7\xaf\xdb\x98\x98\x98\xdcU\x98o\x15\x09\x09\x09>\
\xac}}\xac\x98\x1b\xa0\xa9\x9e={\xee\xa4\xd9\xec!\
..n\x04\xeb1\xe9\xaaf\xcf\x9e\xbdD\xe1\xe8P\
\xaeU\xabV\x1aW\x1d\xb4w\xef\xde\x1e\x84\x10j\x8d\
\x8f\xdd\xdc\xdcN\xb3\x1e\x93\xae*$$d&\x1f;\
D\x22\x11\xd7\xa2E\x8bs\xac=}\xac\x98\x1b\xa0\xa5\
\xed\xdb\xb7\x7f\x86(v\xaeo\xdd\xbau\x1a\xeb1\xe9\
\xb2\x0a\x0b\x0b\xf5\xea\xd7\xaf_\xa1\xb8\xac2\x7f\xfe\xfc\
y\xac})\xca\xc6\xc6\xe6>\xad\xf9fll\x5c\x92\
\x92\x92\xe2\xc4zL\xba\xaa\xe2\xe2b\xb1\xb5\xb5u\xb6\
\xc2|\xab\x08\x0d\x0d\x15D\xdf\x5c\xe6\x06h\xa9U\xab\
V\xdf\xd3z\xad%\x84\xc8v\xed\xda\xd5\x9b\xf5\x98t\
]k\xd6\xac\x19\xcb\xb7r\xe3_u322\xacX\
\xfb\xe28\x0eM\x9f>}\x05\xef\x8b\xc6\x9b\x9f\x8f\x8f\
\x0f\x1c\xe7\xc0X\xabW\xaf\x1eI\x08y\xac\xf0\xf7Z\
\x91\x91\x91a\xc9\xda\xd7\x87\xc4\xdc\x00\x0dEDD\x8c\
\xa4YR8`\xc0\x80$\xd6c\x02\xbd\x96\xe2\x9a3\
!\x84\x1b=z4\xf3\x0f\xcd\x05\x05\x05\x06\x96\x96\x96\
\xd4N)477\xcf\xbfs\xe7\x8e1\xebq\x81^\
\x7f\xe4T\xdc9<j\xd4\xa8p\xd6\x9e>$\xe6\x06\
\x94Unn\xae!!\xa4\x9c\xd6\xba$|\xcc\xd4,\
)V\x7fT\x9fsQu\xf9\xf2e\x07\x96\x9ez\xf5\
\xeau\x98\xd6\xb7\x17\xb1X\x5c\x11\x16\x16\xe6\xcf\xfa9\
\x83^\xeb\xf4\xe9\xd3\xcd\xf5\xf4\xf4\xca\xf9\xf9&\x91H\
\x1e\xdc\xb8qC\xa3K\x8c\x99\x1bPV\xa3F\x8d\x0a\
\xa7\xf91s\xe2\xc4\x89Q\xac\xc7\x04\xfa\xa7z\xf7\xee\
}Xqm\xdc\xc9\xc9)\x87\x95\x97\xbd{\xf7\xf6\xa0\
\xb5\x8cR\xdd\x08Cc\xcb'uU}\xfb\xf6\xdd\xaa\
\xd8\xca\xcd\xc1\xc1A\xa3\xcf\xf1an@\x19\xdd\xbau\
\xcb\xdc\xd8\xd8\xb8\x88\xe2\x81C\xd0rMC\xc5/_\
\xf0\xad\xdc6l\xd8\xc0\xe4\x18\x84\x8e\x1d;^\xa6\xb5\
\x8c\x22\x16\x8b+\xb6n\xdd\xda\x87\xf5\xb3\x05\xfd\xaf\xea\
\xd5\xab\x97\xcf\xcf7\x8cq\x85&\x9f\xab\xc2\xdc\x802\
j\xde\xbc\xf99Z\x01\x5c*\x95\xbe\xdc\xb1cG_\
\xd6c\x02\xbd[K\x96,\x99\xa5\xd8\x01\xa8Q\xa3F\
%\xea\xf6\x10\x15\x155V,\x16W\xd1x\xeb#\x84\
\xc0\xc7L\x0d\xd6\xd7_\x7f=\x81\x10\xf2X\x08\xad\xdc\
\x98\x1b\xa8\xad\xe2\xe2\xe2\x06!J%\x85\x84\x10\xaeM\
\x9b6\xf0Z\xab\xe1277\xafT\x5cV\x19;v\
\xec:u\xdd;77\xd7\x88\xd6\xceL\x8c1gd\
dt\xef\xda\xb5kp>\x8a\x06\xcb\xca\xca\xea\xcd\xc6\
A\x8cqE@@\x80F\xb6\x0edn\xa0\xb6rr\
r\xbaH\xb3\xa4\xf0\xfc\xf9\xf3\xd0rM\xc3u\xf8\xf0\
\xe1\x8e\xfc\xe6\x1aB\x08W\xa7N\x9d\xdf\xd5\xd5\xa4c\
\xe2\xc4\x89Q\x14\xbf\xbdT\x8e\x1a5*\x92\xf5\xf3\x04\
\xbd_\x07\x0e\x1c\xe8\xa8\xb86nhhX|\xed\xda\
5[\xd6\xbe\xde\x16s\x03\xb5\xd1\x8c\x193\x82i\xb5\
\x5c\x13\x89D\x828)\x0f\xf4Z}\xfb\xf6\xfdN\xb1\
\xe4\xb0\x7f\xff\xfe*/\x07\xcd\xca\xca\xaaW\xb7n\xdd\
\xa7\xb4\xde\xfa\x1a5j\x04\x1b\xc9\x04\xa2\xbe}\xfbn\
U\x9co\x03\x07\x0eT\xdb\xdb\xdf\xc7\x8a\xb9\x81\x9a\xea\
\xea\xd5\xab\xb6b\xb1\xf8\x01\xcdS\x0a333\xeb\xb1\
\x1e\x17\xe8\xe3t\xf6\xec\xd9\x96|f\xc4\x97\x1c\xee\xdc\
\xb9S\xa5\xdf2h6{ \x84<\xfe\xe6\x9bo\x06\
\xb3~\x8e\xa0\x8f\x9eo\xcd\x10Bo\x96\xf1$\x12\xc9\
\x83\xa4\xa4$\x8dj\xe5\xc6\xdc@M5t\xe8\xd0\xb5\
\xb4v\xc9a\x8c\xb9\xb9s\xe7\x86\xb2\x1e\x13\xa8f\x0a\
\x0c\x0c\x8cQ\x5c\x1bo\xda\xb4i\x9e\xaa\xee\xb5e\xcb\
\x96\xfe\x22\x91\x88\xda\xf9(NNNWX??P\
\xcd4j\xd4\xa8H\xc5e\x15GGG\x8d*9d\
n\xa0&:s\xe6\x8c\x8bH$*\xa7\xb5\x8c\xa2\x89\
\x87*\x81>N\xf6\xf6\xf6E\x0a\xaf\xb9\xb2\xc8\xc8H\
\x954\x14n\xd6\xacY6\xado/\x18\xe3\xca\x8b\x17\
/2\xdd\xa8\x04\xaa\x9d\xec\xec\xec\xd2D\x22\x11\xff6\
U\x1e\x19\x199\x9c\xb5'^\xcc\x0d\xd4D\x0e\x0e\x0e\
Wi\xbd\xd6\x8aD\x228\x1fE\xc0Z\xb9r\xe5d\
\xc5e\x15\x0b\x0b\x8b\xc7yyyF4\xef1k\xd6\
\xac%\xb4\xde\xfa\x08!\xdc\xf0\xe1\xc3\xa3Y?7P\
\xad\xe7[\x00\xbf\xacB\x08\xe1\xac\xac\xac2\xef\xde\xbd\
+f\xed\x8b\xe3\x04\x14\xc4\xd7\xacY3\x0ccL\xed\
\x94\xc2\x16-Zd\xb2\x1e\x13H9\xd9\xd9\xd9\x95(\
\xce\x07\x9a\x1f9o\xdd\xbaeY\xa7N\x9d\xdfif\
\xe17o\xde\xd4\x88\xc3\xbb@\xb5\xd3'\x9f|\xa2x\
\xca!\xe7\xeb\xeb\xbb\x91\xb5'\x8e\x13P\x10\xa7\xd9r\
\xcd\xcc\xcc\xecInn.\xd5\xac\x0d\xa4~\xa5\xa4\xa4\
\xb8\x18\x1b\x1b\xff\xceg\xe3\xc6\xc6\xc6\xbf_\xb8p\x81\
J\xa9\xe8\xc8\x91#\x13h\x96\x14\xce\x9e=\x1bZ\xae\
\x09\x5c\xe7\xcf\x9fobddt\x8f\xcf\xc6\x8d\x8d\x8d\
\x8b\xce\x9f?\xef\xc8\xda\x17\xf3\x07\xf31\x1a<xp\
\x1c\xcd\x96k\x93&M\x8a`=&\x10\x1d}\xfe\xf9\
\xe7\xc9\x8a\xbf\xa0\xdb\xb7o\xaf\xf4G\xa7\xd3\xa7O\xbb\
\xd2\x08\xde\x08\xbd\xfe\xf6\xe2\xe2\xe2r\x89\xf5s\x02\xd1\
Q\xbf~\xfd6+\x96\x1cv\xed\xda\xf5;\xd6\x9e\x98\
?\x94\x0fi\xdb\xb6m\x9fI\xa5\xd22Z\xcb(\x86\
\x86\x86\xcf\xf3\xf3\xf3\x0dX\x8f\x0bDG\xe9\xe9\xe9V\
\x86\x86\x86\xcf\x15[\xb9EGG\x8fQ\xe6\x9a\xad[\
\xb7N\xa35\xdf\x10B\x95\xf1\xf1\xf1\x1a\xd9Z\x0eT\
s\xa5\xa6\xa6ZK\xa5R\xc5SS+bbb\x98\
\x9c\xe3\xc3\x8b\xf9C\xf9\x90\x1c\x1c\x1c\xae\xd2z\xad\x95\
H$U\xeb\xd7\xaf\x1f\xc6zL \xbaZ\xb2d\xc9\
,\xfeL\x13\x91H\xa4T\xc9aBB\xc2\x10\x9a\xdb\
\xeb[\xb6l\x99\xc2\xfa\xf9\x80\xe8j\xfe\xfc\xf9\xd3\xc5\
bq\x05\x9f\x8d\xb3.9d\xfe@\xde\xa7\x89\x13'\
.\xa1\xb53\xb3\xfa\xd5\x07~\xa0\xb4TM\x9a4\xc9\
\xe3\x03\xafH$\x92\xcd\x9e={Im\xae\xd3\xa0A\
\x83\xfb\xb4>f\x9a\x9a\x9a\x16fgg\xd7e\xfdl\
@\xf4\xe5\xe4\xe4t\x85\x9f'b\xb1\xf8\xc1\xfc\xf9\xf3\
\xa7\xb2\xf2\xc2\xfca\xfc\x9b\xd2\xd3\xd3-\xcd\xcc\xcc\xf2\
(V\x07p\x07\x0e\x1c\xd0\xa8\x9dV z\xfa\xe6\x9b\
oF\xbc\xdd\xb4\xf8\xda\xb5k\x8dkr\x8d\xb1c\xc7\
\xae\xa3\xb9\x91l\xcc\x981\x1a\xdf\x15\x06T;\xc5\xc6\
\xc6\x0e\xc5\x18W*\xec\x1c~\xc0\xaa\xfa\x88\xf9\xc3\xf8\
7\xf9\xf9\xf9\xad\xa5\xb5\x8cB\x08\xe1\xfa\xf5\xeb\xf7-\
\xeb1\x81T\xab\xee\xdd\xbb\x9fTl\xad\xe5\xeb\xeb\xfb\
\xd1\x7f\xe7\x19\x19\x19V\xa6\xa6\xa6Oh-\xa3\x18\x18\
\x18\xdc\xa7]\xb7\x0e\xd2,u\xe9\xd2\xe5 ?\xdf0\
\xc6\x9c\x8f\x8f\xcf&\x16>\x98?\x88w)99\xd9\
\x1d!Dm\x19\xc5\xca\xca\xaa\xa2\xb4\xb4\x94\xb0\x1e\x17\
H\xb5\xba|\xf9\xb2\x83\x89\x89\xc9S>;200\
xq\xe6\xcc\x19\xd7\x8f\xf9o\x15\x0f\xd6RVR\xa9\
\xb4<::\xfa\x0b\xd6\xcf\x03\xa4Z]\xb9r\xa5\xb1\
\x89\x89\xc9]~\xbe\x19\x19\x19\x15\xa7\xa4\xa44U\xb7\
\x0f\xe6\x0f\xe2]j\xdd\xba\xf5)\x9a\xcb(!!!\
p>\x8a\x8e\xc8\xcf\xcfo\x87\xe2\x86\x0ckk\xeb\x87\
\x1f\xfao\xb6n\xddJ\xf5|\x946m\xda\x9cf\xfd\
\x1c@\xea\xd1\xd0\xa1C\xe3\x14\xe7\x9b\xbd\xbd\xbd\xda\x9b\
G0\x7f\x08ok\xe3\xc6\x8d>\x12\x89\x84J\xe7z\
\x8c1gcc\x03-\xd7tH%%%\xc4\xca\xca\
\xaaB\xb1\x0b\xd0\xb2e\xcb\xde\xfb\xd1\xa9y\xf3\xe6\x99\
\xb4\x96Q0\xc6\x95\xbbw\xef\xee\xc6\xfa9\x80\xd4\xa3\
\xfc\xfc|}\x0b\x0b\x8b\x5c\x85\xf9V\xb1|\xf9\xf2\x00\
uz`\xfe\x10\xde\x16\xcd\x9e\x99\x22\x91Hv\xf8\xf0\
\xe1\x8e\xac\xc7\x04R\xaf\xd6\xae];J\xb1y\xc4\xfb\
z\xa7FFF\x06\xd2l\xb9\xd6\xaf_\xbf\xcd\xac\xc7\
\x0fR\xaf\xa2\xa3\xa3\xbf\xe0?rV\x9f\x17\x9f\xaa\xce\
\xfb3\x7f\x00\x8a\x1a7n\xdc\x0a\x9a%\x85=z\xf4\
8\xcezL 6rqqys\xfa \xc6\x98\xf3\
\xf3\xf3\xdb\xf1\xf6\x9f\xc9\xca\xca\xaa\xc7\xaf\xa1\xd3\x98o\
\x96\x96\x96\xb9\x99\x99\x99f\xac\xc7\x0eb2\xdf.)\
\xb6r\xf3\xf7\xf7_\xa5\xae{3\x1f<\xaf\xc2\xc2B\
\xa9\xa9\xa9)\xd5\x92\xc2\x94\x94\x14\x17\xd6\xe3\x02\xb1\xd1\
\xb1c\xc7:\xf0\xc1\x99\x9fS\xa7O\x9f\xfe\xc7G\xce\
\xc1\x83\x07\xef\xa2\x910T\xcf\xb9\xca\xa0\xa0\xa0Z\xd5\
\xa6\x83\x84\xaf\xbd{\xf7z*f\xe3\x18\xe3\x8a\xef\xbf\
\xff^--\x1f\x99\x0f\x9eW\x8f\x1e=\x12i\xd6\xe8\
~\xf5\xd5W\xabY\x8f\x09\xc4VC\x87\x0e\xdd\xa1\x18\
\xc8\x15\xdf\xcc\xae]\xbb\xd6\x98f\xcb5;;;h\
\xb9\xa6\xe3\x1a8p\xe0\x06\xc5\xb7\xbf\xde\xbd{oW\
\xc7}\x99\x0f\x9c\xe38\xb4}\xfb\xf6\xcf\x10\xc5\xce\xf5\
\x0d\x1b6\xbc\xc7zL \xf6JMMmhhh\
\xf8\x5c\xf1\x07k\xfb\xf6\xed\xfd8\x8e\xee\xc7L\x91H\
\xf4811\xb1;\xeb\xf1\x82\xd8\xea\xc6\x8d\x1b\xd6\xc6\
\xc6\xc6%\x8a\xcb*\x87\x0e\x1dj\xaf\xea\xfb2\x1f8\
\xc7q\xc8\xcd\xcd\xed\x04\xc5c?\xb9\xa5K\x97Ng\
=&\x90fh\xf2\xe4\xc9\x11\x8a%`\x96\x96\x96\x8f\
CBBB\xf9\x7f\xa71\xdf\xdc\xdd\xdd\x8f\xb2\x1e'\
H3\x14\x10\x10\xb0J\xb1\x95\x9b\xa5\xa5e\xb6\xaa\xef\
\xc9|\xd0k\xd6\xac\x19F\x08\xa1\xd2r\x0d\x9a=\x80\
\xde\xa5&M\x9a\xbc\xf9\xd6R\xbd^I-a\x90J\
\xa5\xe5g\xce\x9ci\xcez\x8c \xcdQ\xa3F\x8d\xd2\
\x14\x92\xd2\x8aE\x8b\x16}\xa5\xca\xfba\x8e\xe3\x10+\
\xb2\xb3\xb3\xcd<==o>\x7f\xfe\xbc\xa9\xb2>0\
\xc6H\x22\x91\xa0\x98\x98\x98/\xbd\xbd\xbdOP\xb2\x08\
h\x01{\xf6\xec\x99\x1c\x16\x16\xb6\x1ac\x8ch\xcew\
B\x08\x1a;vl\xd8\xb6m\xdb\x16R\xbb( x\
6n\xdc\xd8\x7f\xfa\xf4\xe9\x092\x99\xcc\x1ac\x8c\xcc\
\xcd\xcdoWVV\xb6V\xd5\xfd\x98\x06\xf1\xb1c\xc7\
\xaeJLL\x0c\xa5\xe9\x01cL\xedZ\x80\xf6@{\
\x9e\x13BP\xbdz\xf5\xf2.^\xbc\xd8\xa9e\xcb\x96\
\x7fP\xbd8 x\xec\xed\xedo\xdc\xbf\x7f\xbf#\xc7\
q\x08c\xfc\xa8W\xaf^g\xce\x9c93N\x15\xf7\
\x22\xaa\xb8\xe8\xc7\x90\x99\x99i~\xf0\xe0A?V\xf7\
\x07t\x07U$*\x1c\xc7\xfd<~\xfc\xf8M\x10\xc0\
\x81w\x91\x98\x98\xf8\xa5T*\xfd\xa9:\xa9\xb4\xbep\
\xe1\xc2g\xc7\x8f\x1fwS\xc9\xcdX\xad\x1b\xd1:\x1f\
\x05\x04R\xb7\x08!\x5c\xabV\xad\xe0lz\xd0{5\
z\xf4\xe8Hu\xb4rc2\xb8\x8d\x1b7\xfa J\
%\x85 \x90:\x851\xe6$\x12I\xc5\xb7\xdf~\xdb\
\x95u\x90\x00i\xb6\xd2\xd3\xd3-\x11B\x95\x0a\xcdJ\
\xca###\x87\xd3\xbe\x0f\x93\xc1\xb5j\xd5\xea{\xc8\
\xc2AB\x14\x94\x14\x82j\xa2\xb9s\xe7\xce$\x84<\
\xe6\xe7N\xbdz\xf5r\x8a\x8a\x8a\xa44\xef\xa1\xf6A\
\x05\x07\x07\xcf\xa4UR\x08\x02\xa9S\xd5gFs\xf9\
\xf9\xf9\xfa\xac\x83\x03H8ruu\xfd\x9eo\x1e!\
\x12\x89\xb8\xd9\xb3g\xcf\xa6y}\xb5V\xa7\xdc\xbau\
\xcb\xb2S\xa7N\xb7d2\x99\xad:\xef\x0b\x004 \
\x84\xa0N\x9d:\xa1\x193ft\xe18\x8eYQ\x00\
 ,\x0e\x1f><t\xff\xfe\xfd3\xf9\xca\xb9:u\
\xea\xdc=w\xee\x5c\xb7\x8e\x1d;>\xa2q}\xb5\x06\
q\x7f\x7f\xffUIII\xa12\x99Lm\xf7\x04\x00\
\x9a`\x8c\xa1\x8c\x15\xa81r\xb9\xfc\x1f\xff\xde\xa1C\
\x87\xa3iii\x03i\x5c[m\xd9\xc4\x85\x0b\x17\x1c\
\x0f\x1e<8\xec\xed\xc1\x00\x00\x00h3o'\xca\x18\
ct\xe7\xce\x1d\xd7\x03\x07\x0et\xa2q}\xb5e\xe2\
\x8d\x1b7N\xbd\x7f\xff>\x15\xd3\x00\xa0n\x08\x81\xd5\
\x13\x80\x1e\x18c\xe4\xe0\xe0p\xa5\xa8\xa8\xa8\x9b\xb2\xd7\
\x12\xd30\xf4!6n\xdc\xe8\xfb\xd3O?\xd9\xd0\xde\
\xf6\x0c\x00j\xe2Q```\x82\xb1\xb1\xf1s\x8c1\
\xbcJ\x02J\xc3\xc7\xc2{\xf7\xee\x11{{{\xa5\xe6\
\x94Z2q\x07\x07\x87\x1f\xee\xdf\xbf\xdf\x05\x96R\x00\
\xa1A\x08\xf9i\xd0\xa0A\x07\x93\x93\x93g\xb0\xf6\x02\
\x00\xefB\xe5\x99\xf8\xc4\x89\x13\x97\x94\x95\x95\xd9C\x06\
\x0e\x08\x0dB\x08rtt,\x81\x00\x0eh2*]\
\xe8KKK\xb3\xfa\xee\xbb\xefF`\x8c\xadUy\x1f\
\x00\xa0\x0d\xc6\x18\xc9\xe5\xf2G_}\xf5\xd5z\xd6^\
\x00\xe0}\xa84\x13_\xb3f\xcd\xfc?\xfe\xf8\xc3\x19\
\x96Q\x00\xa1\x811F\x9e\x9e\x9e\x97f\xcf\x9e}\x80\
\xb5\x17\x00x\x1f*\x0b\xe2\x87\x0e\x1dj\x7f\xf0\xe0\xc1\
a\xaa\xba>\x00\xa8\x0aB\x08233\xbb\xb3~\xfd\
\xfaI\xac\xbd\x00\xc0\x87P\xd9r\xca\xd7_\x7f\xbd\x0a\
\x96Q\x00\xa1Q]5\xf0(((hc\xabV\xad\
~g\xed\x07\x00>\x84\xca\xaaS\xee\xdd\xbb\x07\x85\xb5\
\x80\xca\x90\xcb\xe5\xa4\xfa\xec\x887\xf3\x8c\xe38$\x16\
\x8b_U\xff3A\x08!B\x88\x9c\xe38$\x97\xcb\
\xc9\xabW\xaf\xc4b\xb1\xf8U\xf5\xae\xcb7k|o\
\xef\xc0\xe48\x0e988\xc0\x1a  \x08\x98v\xf6\
\x01\x00\x00\x00\x94\x03\xb2e\x00\x00\x00\x01\x03A\x1c\x00\
\x00@\xc0@\x10\x07\x00\x00\x100\x10\xc4\x01\x00\x00\x04\
\x0c\x04q\x00\x00\x00\x01\x03A\x1c\x00\x00@\xc0@\x10\
\x07\x00\x00\x100\x10\xc4\x01\x00\x00\x04\x0c\x04q\x00\x00\
\x00\x01\x03A\x1c\x00\x00@\xc0@\x10\x07\x00\x00\x100\
\x10\xc4\x01\x00\x00\x04\x0c\x04q\x00\x00\x00\x01\x03A\x1c\
\x00\x00@\xc0@\x10\x07\x00\x00\x100\x10\xc4\x01\x00\x00\
\x04\x0c\x04q\x00\x00\x00\x01\x03A\x1c\x00\x00@\xc0@\
\x10\x07\x00\x00\x100\x10\xc4\x01\x00\x00\x04\x0c\x04q\x00\
\x00\x00\x01\x03A\x1c\x00\x00@\xc0@\x10\x07\x00\x00\x10\
0\x10\xc4\x01\x00\x00\x04\xcc\xff\x01fd|\x84\xd50\
\xdf\x87\x00\x00\x00\x00IEND\xaeB`\x82\
\x00\x00\x02\xf2\
\x89\
PNG\x0d\x0a\x1a\x0a\x00\x00\x00\x0dIHDR\x00\
\x00\x00@\x00\x00\x00@\x08\x06\x00\x00\x00\xaaiq\xde\
\x00\x00\x00\x01sRGB\x00\xae\xce\x1c\xe9\x00\x00\x00\
\x04gAMA\x00\x00\xb1\x8f\x0b\xfca\x05\x00\x00\x00\
\x09pHYs\x00\x00\x0b\x12\x00\x00\x0b\x12\x01\xd2\xdd\
~\xfc\x00\x00\x01\x87iTXtXML:co\
m.adobe.xmp\x00\x00\x00\x00\x00\
<?xpacket begin=\
'\xef\xbb\xbf' id='W5M0Mp\
CehiHzreSzNTczkc\
9d'?>\x0d\x0a<x:xmpmet\
a xmlns:x=\x22adobe\
:ns:meta/\x22><rdf:\
RDF xmlns:rdf=\x22h\
ttp://www.w3.org\
/1999/02/22-rdf-\
syntax-ns#\x22><rdf\
:Description rdf\
:about=\x22uuid:faf\
5bdd5-ba3d-11da-\
ad31-d33d75182f1\
b\x22 xmlns:tiff=\x22h\
ttp://ns.adobe.c\
om/tiff/1.0/\x22><t\
iff:Orientation>\
1</tiff:Orientat\
ion></rdf:Descri\
ption></rdf:RDF>\
</x:xmpmeta>\x0d\x0a<?\
xpacket end='w'?\
>,\x94\x98\x0b\x00\x00\x00\xf4IDATx^\xed\
\xda\xcb\x09\xc2@\x18E\xe1\x7fR\x83-\x04\x0c\xb8\x08\
\xd8\x86\xed\x88Kq)\xd6c\x1b\xe2FD\xac\xc1\x12\
\xcc\xb8R\xc8\x057\x86Q\xcc=\xdf\xce\x83\x0f\xb8\x0e\
b\xd0\x08\x00\x00\xe0*\xb5u\x935\x1a\xc9\x95\x167\
\x0c\xa0\xc1M\xff3 \xa5\x98,\xb7\xbd;\x8cI\xce\
9n\xbbU/\xd9\x9f\x00\x06\xd0\xe0\x86\x014\xb8a\
\x00\x0dn\x18@\x83\x1b\x06\xd0\xe0\x86\x014\xb8a\x00\
\x0dn\x18@\x83\x1b\x06\xd0\xe0\x86\x014\xb8a\x00\x0d\
n\x18@\x83\x1b\x06\xd0\xe0\xe6\xab\xff\x0fH)\xc5\xe1\
r\xd2\xfc\xd2u]\xcc\xa73\xcd%\xf1\xdb\xe0\x97O\
@\xc4~\xf3\xfe\xe5\xba\x1c\xb1X'\xcd%q\x02J\
\xcf]\xb5us\x7f\xde\xf8\xe0\x04\xe4\xe3\xf5\x5c\xf4M\
*\xfa\xe4\xff\x80\x014\xb8a\x00\x0dn\x18@\x83\x1b\
\x06\xd0\xe0\x86\x014\xb8\x19z-\xd0\xfb\xae\xff\x03\x83\
\xaf\x15\x06=x\x0c\x18@\x03\x008y\x00\xc2\xd4*\
S\xb09\xf9\xda\x00\x00\x00\x00IEND\xaeB`\
\x82\
\x00\x00\x05\xdd\
\x89\
PNG\x0d\x0a\x1a\x0a\x00\x00\x00\x0dIHDR\x00\
\x00\x00@\x00\x00\x00@\x08\x06\x00\x00\x00\xaaiq\xde\
\x00\x00\x00\x09pHYs\x00\x00\x0b\x13\x00\x00\x0b\x13\
\x01\x00\x9a\x9c\x18\x00\x00\x05\x8fIDATx\x9c\xed\
Z[L\x14W\x18\x9e\xe8C\xf5\xb9\xf4\x8d\x04\xabg\
\x86s 2g\x0b\x08\x82\x5c\x95\xe5\xb2\xad\xb6\xa6\x8b\
`%\xa6\x8d \x8b\xdc\xbdD\xd3\x87\xa6\x1amMM\
hE\x05\xd4\xb6\xa1*j\xbcP\xdb\xd2\xa4\x8d>T\
\xac\x825\xf6\xc1V\xfb\xd0\xbe4\x0d$H\x13\x13l\
\xab\x06\xf8\x9b\x7f\xe9\xc2xv\xd6\xb0\xec\xdc\xb6\xd9?\
\xf9\x92\xcd\xec\xcc?\xff\xf7\x9fs\xfes\x99O\x92b\
\x163K,\x95$/\xe1\x84\xd6\xa9\x84\xf5p\x99\xde\
V\x09\x1bU\x09}2\x056\xea\xbf&\xb3S\x9c0\
\xdfRY^,\xfd\x1f\xcc+I\xf3\xb9L+U\x99\
}\xcfe\x06a`\x92\x13v\xcd%\xd3\x0a\xf4!E\
\xa3\xa9\x84\xba9a\xbf\x84I<\x08*\xa1w]\x0a\
[)E\x8be\xc6\xc7/\xe4\x84\x1d\x8d\x94xP\x22\
d\xda\x91\x97\x90\xb0@r\xb2qB^P\x09\xfb!\
\x14\x89\xdc\xb4lX\xeb\xa9\x80\xb7\xaa\x9a\xc0\xb7i'\
47\xec\xf1\x03\x7f\xe35\xfc\x0f\xef\x09\x99\x08B\x07\
S\x15%Nr0\xf9{\xc1\x81'\x81;\xb7\x18j\
\xabw\xc2\xd6\xe6\xf7f\x05\xbc\xb7(\xa7\xc4\xff\xac\xde\
\x90p\x5c\x122\xe3\xe3\x17\xea\xb5\xfc\xf2\x94t\xa8\xde\
\xd8:k\xe2\x226ml\x81\xcc\x94t\xbd\x9e0\xe0\
\xa8\xe1\xc0u\xc6|~F>4\xd6\xbd3g\xf2\x01\
\xa0\x0f\xf4\xa5S\x13\x8eH\x8e\xa9\xf6r0\xf9\x96\xc6\
\xbd\x11\x93\x0f\x00}\xe9%!EI*\xb4\x7f\x9e'\
OOu\xd8\xed\x8dhy\xbd\x9e\x80\xbe\x85^\xf0\xb3\
\xad\xeb\x04.\xd3J\xb1\xe0E2\xe6gS\x13\xc4\xc2\
\xa8.a\xe5\xb6%@\x95\xd9um0\xee\xdc\x12\xd3\
\xc8\x07\xe0\xce)\x16\x0b\xe2U\xfb\xd6\xf62\x9b\xd4\xb6\
~8S\xdd\x5c\x81k\x06q\xd9\xac&&.\xb2<\
\x01\x9c\xd0:m 9i+L'\x1f@Nj\x96\
P\x0b\x926[\x9e\x00\xd5\xbf\xab\x9b\x09\x02WqV\
%\xe05O\x85\xd0\x0b\xe8I\xcb\x13\xc0ez[\x1b\
\x04.e\xadJ\xc0\x9bUMB\x0f`\xb7,O\x80\
\xea\xdf\xc3\xcf\x04\xe1\xab\xde5\x1d\xe0\xbe=\x1d0<\
|\x1f\x8c\xb2\x91\x91?\xe1\xfd\xbd]\xd3\xfe\xb1\xd6\x08\
\x09\x18\xb1<\x01\x9c\xd0\xc7\xda pS\x83\xc1\xb5\x7f\
t\x02\xc6\xc6\x1e\x82\xd1\xf6\xd7\xc3\xbf\xa1\xe3P\x8f\xff\
\x1d\xf8.\xa1\x10>\xb2=\x01M\xf5\xbb\xe1\xec\xe9>\
\x18\x1f\x1f\xf7\x07\xfch\xa8\x1f\x86\xcf\xa7\xc3\xd0i\x1a\
\x11\x86\xcf\xbd\x04\xff\xfcq\xc5\xefsbb\x02.\x9c\
\xfb\x06\x9a\xebw\xdb\x9f\x00U\x18\x02g{zgZ\
\xeb\xd7\xb30t&9b\xf2\xd38\x93\x0ccw\x8f\
M\xfb\xff\xfcb\x9f\x03\x86\x80\xfct\x11\xbcyc\x00\
&'\xc7\xe1\xc1\xadw\x8d#.\xe0\xc1\xe0\xdb09\
\xf1\x04\x06o\x0c8\xa0\x08\xca\xec\x946\x88\xce\xb6\x03\
0zy\x83i\xe4\x03\xc0w\x1ci; N\x83'\
,O\x00'\xcc\xa7\x0d\xc2[\xa0\x9aN>\x80\xb5y\
)\xe2\xa6\xa8\xc6\xf2\x04,\x95\xe5\xc5\xda\xa5\xb0Ka\
p\xb3\xdd|\xf2\x83\x07\x83\x8e\xca&]\x8bX\x82d\
\x87q\xc2\xaei\x83\xd9\xb2\x86\x99\x9e\x00\xdf+AG\
d\xdfIv\x99K\xa6\x15\xda`\xb0\x17\x5c\xd9o\x1e\
\xf9\xcb\xfb\xa9\xce\xf1X\x92\xd7\xb6\x04x%i>\x1e\
Rj\x03*Ngp\xef\xb8\xf1\xe4\xd1\xa7;-\xa8\
\xfb\xdf\x91$i\x9ed\xa7q\x99\xad\x12[eC\x11\
\x83\xdfO\x1aG\x1e}mX\x15<\xf6\xd5%\x89\xf9\
\x92\x13L\x95i\x87^\x12\x8c\xe8\x09\xe8C\x87<p\
\xc2\xda%\xa7X^B\xc2\x02\xfch!\x06Y\xb2,\
\xb2\x9a\x80c^\xa7\xdb\xe3\xc2\xe7:!\xe49\xc9I\
\x96\xaa(qb=\x08\x14F\x9c\x1dp\xfa\x0ag\xaa\
\xab[\xad\xd3\xeaS\x8b\x9e\x9f\xd2)}^r\xa2\xa5\
*J\x1c~\xb4\xd0\x0f\x9c\xc1\xda\x1c\x06\x1f\xd40\xf8\
z\xdf\xd4\x9a\xe1\xb7\xee)\xe0o\xbc\x86\xff\xe1=\xa1\
\x9e\xc7\x96w,y\xedp\xc0\x8f\x16\xa1H\xcc\x11\xf8\
\xb9\xbc\xddq\xdd\xfeY\x86\x1f-\xf0\xdc\xde\x00\xf2w\
\x1cS\xed\xe7`\xf3R\x14\xb6\x8e\x13\xda\xff\xf4\x09\xf2\
lZ\x9c^\xfdo\x91c\xef<o\x94\xa5(\xca\x8b\
xz\x8b\x07\x98\xb8}\xf5\x9f'\xe0\xa1\x0a\xa1\x8fU\
\xc2\xee\xe35\xdc\xd5\xe1\xc6\xc6\x96c\xee\x98\xc5\xcc\x5c\
5X\xb8\xc5/\xaa\xd4c\xde\xb9\xab\xc1 \xea\xd5c\
\xaaAj\xb0\xa8S\x8fe\x9a\xa4\x06\x8b\x0a\xf5\x18\x7f\
\x86\x1a\xcc\xa5$A~Q\x19\x947n\x85\xcd\xed\x9d\
\xd0\xd4\xdd\x03;z\xbf\x82]}\xdf\x86\x05|\x06\x9f\
\xad=\xd8\x01\xde\x86\x16\xc8/*\xf5\xfb\xb6]=\xc6\
C\xa9\xc1\x12\x93\xa1\xac\xa2\x0a\x1a>\xfe,l\xb2\xb3\
E\xfd\xf1n(-\x7fC7\x11\x96\xa8\xc72C\xa9\
\xc12\xb2\xc1w\xf8\xa8i\xc4E\xd4\x1e\xea\x82\xe5\xcb\
\xb2\xadW\x8fq\x9d1\xbf\xea\xe5Wa\xdb\xf9K\x96\
\x91\x0f`\xdb\xb9K\xb0\xd2\xb3\xc6:\xf5\x18'\xb4H\
|Y\x81\xdb3\xa7\xf1m\x14v\xf4\xf6Aa\xe9j\
\xf3\xd5c^\x1d5XVV\x0el\xbf\xf8\xa5m\xe4\
\x03\xd8~\xe1\x0b\xc8\xcaXa\xaez\x8c\x93\xc4\xf5b\
\xa5\xc7\xeal7\xf9\x99\x9a\xd0\x19T\x18\x0dU\x8f\xa9\
\xc2\x0a\xcf\xb3~\xa3\xed\xa4Ex*\xab\xc4\x82\xd8o\
\x92\x1a\x8cA\xfd\xb1Om',bK\xd7'A\xcb\
fC\xb6\xd5\x5cP\x83\x15\x16{l'\x1b\x0a\x05\xee\
2\xe3\xd5c\xaa\xa0\x06\xf36\xb6\xdaN4\x14^o\
h5^=\xc6\x09\xfdQ\xeb\xb4\xe6\xc3\xc3\xb6\x13\x0d\
\x85\x9a\xb6v\xe3\x85\x13\xaa \x85\x89&\x18\x22\x9d\xe1\
\x82\x18*\xca\x10\xb9x\x8a\xdbO\x22\x22\xc4\x12\x10\xb3\
\x98\xc5,fRh\xfb\x17\x9e\x1b\xe9\xda`\x0d\x187\
\x00\x00\x00\x00IEND\xaeB`\x82\
\x00\x00\x05\x8a\
\x89\
PNG\x0d\x0a\x1a\x0a\x00\x00\x00\x0dIHDR\x00\
\x00\x000\x00\x00\x000\x08\x06\x00\x00\x00W\x02\xf9\x87\
\x00\x00\x00\x09pHYs\x00\x00\x0b\x13\x00\x00\x0b\x13\
\x01\x00\x9a\x9c\x18\x00\x00\x05<IDATx\x9c\xed\
\x98\xcbS[U\x1c\xc73j]t\xd9\xea\xc2)j\
\xa9\xa5\xa5`\x9b\x90\x07\xe1\x91\xe4\x86\x007!/ \
\x10\x08\xedTw\xec\x5c\xb5\x0e\x15\xa8\xd0R\xdb\xee\xd5\
A\xc7?\xc1i]h\xdd\xb8p\xc6:\x83\xe3N\xa7\
\xae:8\xe4q\x13\xc8\xcd\x0d\xc9\x0d:\x84\x02_\xe7\
w\x0b\x8e\xd2\x90{\xf2 l\xf8\xce\xb0\x22\x8b\xcf\xf7\
\xdc\xdf9\xe7{\xbe\x1a\xcd\x91\x8et\xa4\x8a\x85`\xf0\
\xe5\xacw\xac]\xf6\x8cN\xe6<#\x0f\xb2\xee\x91?\
\xe4\xbe\xe1t\xb6ox#\xeb\x1a\xda\x90\x9d\x81t\x86\
\x0f<\xc9\xf6\x06\x1edz\x06'\xb3=\x83m\x98\x99\
yIs\xd8\xfa\xbb\x7f\xf4\xcd\x9c7t_\xf6\x85b\
9\xef(r\x9eQ\xc8\xee\x11\xc8\xee \xe4\xbe d\
\xd70d\xd7\x10\xb2\xce!d\xf9\x00\xb2\xbd\xf47\x88\
L\xcf\x002\xdd\xfd\xd1UG\xff\xbd\x147XWs\
p9\x18|=\xe7\x0f}){\xc7\xf29_\x08\xa5\
\xc3+\x06\x90q\xf8\x91\xb6\xfb\xf2\xabv\xdf\xbc\xccy\
_\xab\x09|\xae\xff\xf2\xe55\xdf\x98\x94\xf3\x8d\xa1R\
\xf8\xd5.?V\xed>\xac\xda\xbdH\xdb<)\xc9\xe2\
\x09\x1d\x188\xc6\xc7\x8f\xe5\xfc\x97\xbfZ\xf3\x13xu\
\xe1W9\xc5\x00\xd267\xd2\x96\xbe/`0\x1c\xab\
.\xbcw\xfcx\xce?\xf6\xfd\x81\xc3[\x15\x03Hu\
:\x1f\x09\x06\xef\xf1*\xae|\xed\xe0\xa5N\x17\xa4\x0e\
'\xa4v\xfe\x074\x05_\xad\xd8@M\xc6\xc6\xba\x17\
\xde\x09\xa9\x8dG\xca\xdc;_!\xfc\xd8\x95C\x84G\
\xaa\xb5\x07\x92\xb1{\xb4,\xf8\xec\xc0\xd5\x93k\xfe\x90\
x\x98\xf0)S7\x92\xc6.I0p\xa5\x1f\xb1t\
\xce\xb3\xc0K|\x00\xb1n?\x92\xdd\x03\xcc\xf0\x09\xab\
\x0b\x91\x0e\x1eI\x02/\x02/\x9a\x1c\x10\x8d\x0e$\x0d\
]\x9f\x97\x04\xff\xd7\xe0\x95:\x96KJ\xe4\x07\x11\xbe\
:\x8e\xdc\xc2\xaf\x10\xa6\xe7\x10\xef\xf2\xaa\xc2\x0b\x16'\
\xa27f\x91\xfb\xf9\x17,\x0e\xbf\x8fx{oQx\
\xd1\xd0\x85\xa4\x9e\xcb\xa7\x0d\x9do\xb1\xaf\xbe7t\x9f\
e\xe5\x09\xfeYJ\x02i{s\x13\xc2\xcc]\xc4\xed\
\x9e}\xe1c\x16\x1e\xb1\xa99\xe5\xb7\xa4gb\x0a\x8b\
\x81\xf7\xb0B\xe0\xfb\xc0\x8bz;\x92-\x1c\x92Z\xdb\
=&x\x0aY\xb2o4\xaa6\xf346\xb4\xf2\xff\
\x95b\xe2\xe3O pnU\xf8]\xc9?-`\xc9\
\xe8(\x0e\xaf\xb3a\xe5\x925F\xa1Q\xd5\x00\xa5J\
\x96\x0dK3Oc\xb3\x17H1q\xf3\x0e\x04\x9bK\
\x15~{s\x13\x91k\xd3\x10L\x8e\xa2\xf0I\xad\x95\
\x0c \xa1\xb5\xb6\xaa\x1ax\x1e\x89\xd9N\x1b\x9aya\
\xfa\xce\x0b`\xd8\xda\x820{\x0f\xd1N\xe7s\xf8\xc9\
\xdb/\xc2om!:5\x87\x88\xb1\x8b\x09~\xe5\xa2\
\x05+\xefv\xdeP\x9f\x7f\xf7\xc8\xc3R\x8e\xca\xb8\x9d\
L\x14X\xdd\x1d\x13U\x84\xc7rs\xc7\xd7\xea#\xe4\
\x0e>)\xf5\x9c\x8fs\x9e\x82\xa0\xd8\xdaV`\xab\x01\
\xbf\xd2\xdc\x81DS\xfb\xef\xea#\xe4\x0eJ\xe5\x5cR\
q[_a\x13U\x82_nj\xc7\xf2\x856Q\xfd\
\x0b\xb8\x82\xf9roX\xc1\xe2Bl\xf2\x96\xb2\x07^\
\x80\xdf\xde\xae\x14\x1e\xcb\x17\xcc\xeb\xea\x06\x9cC\xf9r\
\xe3\x01]R\xcaW(`\x80\xc6\x89N\xa2\xb0\xde^\
&|\x1b\x12\x8d\xad\xea\x06dW@\xaa\x08^u\x84\
nc\xa9\x85+\x03\xde\x8c\xc4\xf9V\xf5\x11R\xda\x83\
*\xc1\xd3\xd8\xec\x1d'\xc5\xc4G\xb7\xb0\xa4\xb5\x96\x0a\
\x8fx\x83I}\x13g\xf8\xc0\xc3\xaa\xc0\xefn\xd8\xeb\
7\x0b\xfe/rc\x16K\x97,\xcc\xf0\x89s&$\
\x1a\x8c\xea\xc7\xa8\xd2\xdb0\xc2\xb3\x5cR\x11\x83\x1d\xe1\
\xeb\xd3\x85ML\xcc\xe0\xcf\xe6\x0eVx\x08g\x0d\x13\
\xaa\x06\xa8tb\x8d\xc4\x94*\x0b\xc5\x83\xe8\xc4\xec\xff\
N\x9b\xb0\x9eC\xe4\xc3\x02_bs\x13K\x1fL \
J&T\xe0\xe3g\x8d\x88\xd7\x1bMLa.\xe3\x18\
\x88\xa8=F(\xcfS$V\x83\xdf=m\xc2:[\
\xc1/\x91\xfd\xf11\x16\x1b\xcd\xea\xf0\xef\x18\xc2\xd0h\
\xd8\xda<j\xcc\xd4^R\xf4\x18\xa1<O\x91X\x0d\
~\xf7\xb4\xa1\x99\x0f_\x9b\xfa\xd7\xc4FR\xc4S\xd7\
\x10b;\xe0E\xe0\x11?\xd3rW\xc3*\xaa\xfbv\
\x1a\xb3\xa2\xcf\xc0D;\xaf\xe4y\xf9\xf1\x82\x92*Y\
.\xa9\xa5\x8b\x9d\xca\xd8\xd0\xca?u\x0d!\xc2\x02_\
\xaf_\x8f\xd4iO1\x1bP\xbe\x82\xdd7\xcf\xf2\x86\
\xa5\xc7\x08\xe5y\xd6HL\x1b\x96f\x9e\xc6&\xc6\xb4\
\xf2z\xc4N\xeb>\xd5\x94\xaa\x0c\xcf\x9fH\xdb<b\
)\x0f\xf0\xf2oX\xf3\xbe\xf0B\xbd.%\x9c3\x94\
\xd7\x9bRWy\xb8\xf0-\x88\xd5\xeb\x82\x9aJD]\
\xe5a\xc1\x0b\xa7u\x9fi*\x15\xbdC\xa5\x0e\xe77\
\x87\x00\xff\x1d8\xee\x15M5DEk\xaa\x8d\x7fT\
3\xf8\xb7u\xdf\x0ao\x18\xaaS\xee\xee\x8a*o\xea\
*k16\xa8\xd6\xca\x17\x12u\x95\xa2\xc9!V\x1b\
>v\xba%Y\xf1\x86eU\xd6\xd4}\x92\xea>Q\
\xcf\xadW\x0c_\xaf_\xa7s>R\xd7tBSk\
\xa5\xb4\x8eS\xd4\x98\xadh-\x91\x92\xe1\xcf\xe8#\x14\
\x0fJ\xbea\x0fB\x14\xb2\xa8t\xa2\xde\x86\xaa\x0fj\
\x0f\x96\x1b\xcd\xd2rc[>q\xde\x9cO\x9c3I\
\xf1\x06\xe3o\x94\xe7)\x12S\xaad\x0efG:\xd2\
\x914\xc5\xf4\x0f\xdb\xe1.)\x22\xec=\xc8\x00\x00\x00\
\x00IEND\xaeB`\x82\
\x00\x00\x1d\x02\
\x89\
PNG\x0d\x0a\x1a\x0a\x00\x00\x00\x0dIHDR\x00\
\x00\x00Q\x00\x00\x00P\x08\x06\x00\x00\x00a\xd3\x99\x93\
\x00\x00\x00\x01sRGB\x00\xae\xce\x1c\xe9\x00\x00\x00\
\x04gAMA\x00\x00\xb1\x8f\x0b\xfca\x05\x00\x00\x00\
\x09pHYs\x00\x00\x0b\x12\x00\x00\x0b\x12\x01\xd2\xdd\
~\xfc\x00\x00\x01\x87iTXtXML:co\
m.adobe.xmp\x00\x00\x00\x00\x00\
<?xpacket begin=\
'\xef\xbb\xbf' id='W5M0Mp\
CehiHzreSzNTczkc\
9d'?>\x0d\x0a<x:xmpmet\
a xmlns:x=\x22adobe\
:ns:meta/\x22><rdf:\
RDF xmlns:rdf=\x22h\
ttp://www.w3.org\
/1999/02/22-rdf-\
syntax-ns#\x22><rdf\
:Description rdf\
:about=\x22uuid:faf\
5bdd5-ba3d-11da-\
ad31-d33d75182f1\
b\x22 xmlns:tiff=\x22h\
ttp://ns.adobe.c\
om/tiff/1.0/\x22><t\
iff:Orientation>\
1</tiff:Orientat\
ion></rdf:Descri\
ption></rdf:RDF>\
</x:xmpmeta>\x0d\x0a<?\
xpacket end='w'?\
>,\x94\x98\x0b\x00\x00\x1b\x04IDATx^\xed\
\x9cytT\xd7\x95\xaf\xbfs\xabT\x9a\xab4\x95\x04\
\x9a'4\x22$\x10\x98\x19\x8c\x19m06\xc6v\xe2\
\xd8Nl'v\xdcIVg\xe8\xbc\x97\xc5\xebNg\
\xa5;\xc9\xea\xa4;\xe9L\x8e\x1d\xc7q\xc7\x03\x0ev\
\x0c\x8em\xc0\xd8f6\x18\x09\x10\x12\x83\x84\x04\x9a'\
@\xa5\xa1JCi\xaa\xba\xe7\xfd\xa1\xc1\xd2\xd5\xad\x92\
\x18\xe4\xf7\xfe\xe0[Kki\x9d\xbd\xefQ\xe9w\xcf\
=\xc3\xde\xfb\x16\xdc\xe66\xb7\xb9\xcdmns\x0b\x11\
\xda\x86\xcf\x83\xf4\xf4\xf4\xe0\xbe>\x9f5(r\x03\xa8\
k@\x08\x15\xf1\xed\x86\x9a\xd2\xf7\xb5\xbe\xde\x88O\xca\
\xfa\xa6D\xfe\x04\x14;R\x1e4 >R\x14\xbf}\
\xd5\xd5E\x0e\xad\xeft\xf2y\x8a(\xe2\x933\xef\x12\
R|\x05\xe4VP\x02\xc6\x9b\xd5\x0e?\x93\x9aPQ\
Q\xd15\xbe]\x9f\xf8\xf8\x9cd)\x5c\xe5\x8a\xa2\xf8\
\x8cmW\xa1O \xdf\x15B\xbeZW}q\xdfP\
\xd3\xf4b\xd06\xdcj\xf2\xf3\xf3}||\xc3\x1e\x0d\
\xb1D\xbe.\x84\xf8>\x88\x5c!\x14\x9f\x84\xf8Y,\
\xbcc5\x1b\xd6?\x82\xad\xf5\x0av{\x9b\xbfkP\
iq8l\x05\xda>\xf4\xb0\x84E\xfcL\x11\xca\xc2\
\xbc\xdc\xa5l}\xe0\x19\xc2\xc2\x22QU7\x9d\x8e6\
#0\x1b\xc4\xa3\xe6P\xeb\x17CB#\xfb\xac\x11\x96\
\xd2\xf6\xf6v\xb7\xb6\x8f[\xc5\xb4\x8e\xc4\x84\x84\xd9[\
\x10\xee\xffD()\x00\x16s\x18\xf9\xf9+\x99\x9b\xb7\
\x8c\xd0P\xeb\xa8_\xc5\xa5\xb3\xbc\xf6\xfa/\x01\xda\xdd\
\x83\xc69\x8d\x8dg\x9b\xc6t3\x81\xf8\xf8\x8cy\xd2\
`8n\x10\xc2\xef\x1b\xcf\xfe\x1b3g&\x8c\xda\x1c\
\x8ev\xce\x9e;\xce\xc9S\x87\xb1\xdbm04\x14\xeb\
\x14!\xb7\xd5U\x97\xed\x00\xe4\x98\xaen\x09\xd3\x22b\
lln\x8c\xc1\xe8z\x15\xc1]\x00V\xebLV,\
\xdb\xc4\x9c9\x8b1\x18\x8cZw\x00^\xdf\xfe+\xca\
+JP\xa1\xd8\x88\xb8\xbb\xa6\xe6\xc25\xad\x0f@b\
bN\xba\x14\xee\x03 b\x16,\xb8\x8b\xfb\xee}B\
\xeb\x02\x80[U)--\xe4\xc8\xd1\xdd\x5c\xbb\xd6\x00\
Cb\x16\xa8\x06\xe5\xa1\xa6\xca\xf3\x8dZ\xff\x9baZ\
DLH\xc8|\x1fE\xd9\x14\x18\x10\xcc\xea\xd5[\xc9\
\xcf\xbf\x13\x83\xa2h\xdd\xc6\xe1tv\xf3\xc7?\xfd;\
mmW\x90\xaa\xb4I\xc1/\x85\xca\xfbAAT\xb6\
\xb5\x19}\xfc\xfd\xd5\xf9n\xe4\xbdH\xbe\xa5(\xf8\xc6\
\xc5\xa5\xf2\xd4\x13\xdb\xf0\xf1\x197%N@J\x953\
\xc5\xc7\xd8\x7f\xe0m\xba\xba\xecH\xc9_\xebkK\xbf\
\xa4\xf5\xbb\x19\xa6G\xc4\xa4\xec\x22`\xde\x97\x1f\xff'\
\xd2f\xe5j\xcd\x1eq:\xbb\xd8\xf1\xe6sT\xd7\x94\
iM\xe3\xc8\x9d\xb3\x84\xfb6?\x81\xc9\xe4\xa75y\
\xa4\xb8\xf8\x18;\xdfy\x11U\xb2\xb7\xa1\xb6t\xa3\xd6\
~3L\xcb\xc2b\x09\xb1&\x08!\x96\x0b!\xc8\xca\
\x9a\xaf5{\xc4\xc7\xc7\x97\xb9s\x97\x11\x1b\x9b\x8c*\
%\xae\xc1\x01\x10\xe0\xe3c\x22,,\x92\xac\xac\x05l\
\xde\xf4e\x16/Z\xe7qZ\xf0\xc4\x07\xfb\xde\xa0\xc3\
n\x03\xe4\xef\x1cv\xdbI\xad\xfdf\x98\x96\x91\x18\x9b\
\x9c1\xdb \x0d\xe7\x03\x02\x82\xd8\xf6\x83\xdf#\x84\xf7\
Gy\xba\x19\x1c\x1c\xe0'?{\x16\xb7\xdb\xa5J\xb7\
;\xb6\xbe\xbe\xfc\x8a\xd6\xe7f\x98\x96\xff\xae\xb1\xba\xfc\
\x02\xd0\xectv\xd3\xd9i\xd7\x9a?w\xda\xda[p\
\xbb]\x00\xe5\xb7Z@\xa6KD\x00\xa9\xaa\xad\x00\xbd\
}N\xad\xe9sg`\xa0w\xe8\x17\xa9N\xcb\x1d\x9d\
6\x11A\xcc\x04\xf0\xf7\xd7\x1cL\xfe\x1f\x10\x14d\x19\
\xfaE(\x89Z\xdb\xad`ZD\x8cO\xce^*\x14\
a5\x9bC\xb1\x98\xc3\xb4\xe6\xcf\x9d\xd0\x10\xeb\x88\x90\
\xd1\xf1)\xd9K\xb4\xf6\x9b\xe5\xd6/,+W\x1a\x13\
\xeaZ\x8e \x94%w\xae\xbc\x8f5\xab\xb7j=t\
\xe9\xef\xef\xa7\xb2\xaa\x8c\xaa\xaa2l\xb6f\xec\xf6\x16\
z\xfbzp\xbb\x07\x010\x99\xfc1\x99\xfc\x08\x0d\x89\
d\xc6\x8cx\x92\x12\xd3IO\xcfA\x99d\xff9\xc2\
\xfe\x03;9|\xe4]\xa4\xcaIk\x84\xdf\xb2\xa2\xa2\
\xa2\xa1\x8eo\x01\xb7ZD%!)\xfby\xe0\x19\xb3\
9\x94\x7f\xfc\xd6\x7f\xe0\xe7\xe7\xaf\xf5\x19EJ(-\
+\xa6\xa8\xe8\x08\xb5\xb5\x17\xf01\x05`0\x18\xc8\xc9\
\xbe\x0b\xb39\x1c_\xdf@\x8cF\x13\xbb\xf7\xfc\x86\xbb\
V}\x05\xb7\xaa\xd2\xd3\xd3AGG3]]\xed,\
]\xf20\x16K \xc1\xc1~\x98\xcdf\x14\xc5\xf3\xbf\
30\xd0\xc7o~\xb7\x0d\x87\xa3\x0d\x89\xdc!\xd4\x9e\
'\xeb\xea\xea\xfa\xb4~7\x82\xe7\xbf\xaa!99\xdf\
\xe2\x96}\xdf\x02|\xa4\xdb\xfd^}}\xf9\x99\xf1\xf6\
\xacx\xb7\xca\x1f\x10b\xa3\xd1\xe8\xc3W\x9f\xdcF\x5c\
\x5c\xeaX\x97q\x14\x97\x14p\xe4\xc8\xbb\xf4\xf59\x99\
5\xeb\x0e\xe2bg\xd3\xd9\xd9B\xf9\xa5O\xb9s\xc5\
\xe3\xa3~]\xdd\xed\x1c:\xfc\x0a\x9b7}w\xdc\xf5\
c9}f7\x1d\x1dWX}\xd7V\xe6\xe4x\xde\
\x9767\xd7\xf2\xd2\x9f\x7f\xca\xc0`?*\xeaYE\
\x15O\xd4\xd5\x95\x95\x8c\xd8cc\x17\xf9+>\x9d\x1b\
Al\x14\xd05\xd8\xef\xfeqssy\xdb\xf8^&\
2e\x11\xe3\x932\xf7\x09\x94\xf5\xa3\x0dR\xadB\x88\
\xe3 \xfa\x90\xa4 \xd5\x95(\x8a\xd1\xdf?\x80G\x1f\
\xf9\x0e\x89\x89\x19\xe3\xae\x1f\xe1\xda\xb5+\xbc\xfb\xde\xff\
\xd0\xdea\xc3\xe9\xb4\xb3u\xcb\xb6\xd1\x8d\xf3\xd5\xabU\
\x13D\xac\xad;Gss\x05K\x16?4\xa6\x17-\
\x92\xa6\xa6\x0a:\xbb\xdaX0\x7f\x0d\xd1\xd1\x11\x98L\
\xfa\xc7\xc1\xa6\xe6\x1a\xb6\xbf\xf1k:;;\x86\x1a$\
\xa5\x08\xaaTT\xb3\xa2*\xf3Q\x08\x1a\xf1\x95\xa8\x1f\
\xd6\xd7\x5c\xdc0\xe6r]\xa6tb\x89O\xca\xde$\
\x10?\x0c\x0c\x08&/o\x19mmWq\xbb\xdda\
 r\x81|\x04\xc9\x8a\xc1\xa8\xcc\xc9Y\xcc\x97\x1e\xf9\
6QQq\xda.\x008]t\x9c\xb7\xfe\xf6;f\
\xccHc\xc9\xa2\xad\xd4\xd6\x9d%.6k\xf4\xf8\xd6\
\xdd\xddAk[\x03\x89\x09\x9f\x1d\x15\xab\xaa\x8b\x08\x09\
\x89\x22\x22\x5c\xbf\xcf!\x04fs\x04\xd6\x88x\x06\x06\
\x5cttt\xe1r\xf5\x13\x1c<\xaa\xc7(\xe6\xe0P\
\xf2\xe7\xad\xc4\xe5r\xd1bk\xc2\xedvE\x02\xe9\x02\
\x91\x88\xc0\x14\x15\x19\xcb\xb2\xa5ws\xf5j\x03\x83\x83\
\x03\xa9\x96Pk\xa5\xc3n;\xaf\xedg,\x93\x8f\xc4\
\x95+\x8dq\xf5-\xe7\x14\x94\xcc\x8d\xf7<\xc6\xe2E\
\xebPU7\x8dM\xd5\xb4\xb5]\xc3\xe5\x1a$(\xd0\
L|B\x1a\x81\x01\xc1\xda\xabax\xee\xdb\xb3\xf7M\
\xce\x9e;\xca\xf2\xa5_$,,\x06\x80\x03\x07_f\
\xce\x9c5X#\xe2\xc1\xc3H\xfcx\xff\x9f\xc8\xcb[\
?\xea3U>\xf8\xf0y\xb22\xe7s\xcf\xdd_@\
x\xf8/U\xd5Mss\x1d\xdd=\x0eL&_\x22\
\xc2gb6\x87\x02P\x5cr\x8c\x9d\xbb^\x04dS\
\xa0?\xc9eee\x03\xda\xebG\x98tiKh\xb0\
=\xa4\xa0d\x86\x87\xcf`\xe1\x1d\xab\x01P\x14\x03\xf1\
q\xb3\x98\x9b\xb7\x8c\x05\xf3W\x91\x99\x99\xefU\xc0\xb7\
w\xbeL\xc5\xa53\xac]\xf3\xf4\xa8\x80\x00\xfe\x01\xc1\
\xf4:;\xc7\xf9\x8f\xc5\xedv\xe1\xe8l!,4Z\
k\x9a\x94U+\x1f\xa7\xbc\xe2\x0co\xef|\x19\xe9!\
\x82\xa8(\x06bc\x93\xc9H\x9fKrR\xd6\xa8\x80\
\x00y\xb9K\x89\x8eN\x04DLO\xaf\xf2\xd8\xb8\x0b\
5L\xfa8[\xcc\x91\x7f\x16\x82\x98\x0d\xeb\xbf@L\
t\x92\xd6<){\xf6\xee\xa0\xb2\xf2,\xab\xee\xfc\x0a\
\xfe~\xe3\x1f\xaf\xd6\xd6\xa1\xb0^D\xc4\xd0\xa3\xda\xdd\
\xddACc)]\xdd\xed\x94\x95\x1d\xe5|\xe9!\x06\
\x06\xfa(\xaf\xf8\x94K\x97\x0bin\xae\xc0n\xbf\x0a\
@`\xa0\xc5\xeb\x99\xdch4\x91\x10\x9fC\xf1\xd9\xfd\
8\x1c\x1d\xcc\x9a\x95\xadu\xf1\x8a\x10\x02?_\x7fJ\
\xcbN\xa1\x223:\xed\xb6?x\x0a\xe8z\x151.\
)s\xb9\x22\xc4\xbf\x04\x05\x99y\xe0\xfe\xa7Q\x14\xaf\
\xee\x138u\xfa\x18\x05\x85\xfbXu\xe7\x13\xf8\xfbO\
\x9c\x9f:;m8{;\xb1F\xc4q\xb1\xfcS\xce\
_8H\x80\x7f0\xd1\xd1\x89,\x98\x7f'+\x96o\
d\xdd\xda\x87X\xb1|#9\xb3\x171sf\x22}\
}=TV\x9e\xe1\xdc\xf9\x83\xb8\x5c\x03\x84\x85\xcdD\
Q\xf4#:\x06\x83\x91\xd8\x98\x0c>-\xf8;\xbe\xbe\
\x81\xc4\xc4|\x16\x01\x9f\x0a\x11\xd6h\xce\x9e=N\x7f\
\x9f3\x22\xc4b-p8l\x95Z\x1f&\x131\xd4\
\x12\xf9C\x84\x98\xb7d\xf1zRSs\xb4f\xaf\xb4\
\xb4\x5c\xe5\xcd7\x7f\xc7\xb2\xa5\x0fc\xb1|\x96\x0a\x18\
\x8b\xd3\xe9\xa0\xba\xe6\x0c\xe5\x15'\x08\x0c\x0c\xe2\xfe\xfb\
\x9ed\xdd\xda\xad\xa4\xa5\xcd\xc6j\x8d\x2200\x08\xa3\
\xd1\x88\xd1h$00\x08\xab5\x8a\xb4\xb4\xd9,\xbc\
c\x15IIYTU_\xe0t\xd1\x07\x04\x05\x85b\
6\xeb\xff\x0d\xa3\xd1DDD\x1c\x87\x0e\xef +k\
\x01\x01\x01\x81Z\x17\x8f(B\xe0r\x0dPU]\x86\
D\x18\x1cv\xdbN\xad\x0f\xdeDLHH\xf0S\x15\
\x9f\x97\x05\xc2\xef\xbe\xcdO\x11\x18\xa8?\xe7yb\xfb\
\x1b\xbf%::}\xdcJ;\x16)%\x97+O\xe1\
t\xday`\xcb3\xac\xbek3\x961s\xd2dX\
\xcc\xa1\xe4\xceYHdd\x02G?\xd9Eww\x1b\
3\xa2R\x11:\xabH\x80\xbf\x19)U\x8a\xce\x1cf\
~\xfer\xad\xd9+\xa1\xa1\x91\x9c(\xf8\x10\x15f\x85\
Z\xa2\x9fs8\xaeM\xd8\xa0{\x9cT\xa4\x12\xb4F\
A\x09\x89\x89N\xc4j\x9d\xa95{\xe5L\xf1\x09\xda\
;lde\xad\xd0\x9a`X\xc0\x13\x85;\xe9uv\
\xf0\x8dg\x7fLz\xdal\xad\xcb\x94\xc9H\x9f\xcd?\
|\xfd\xc78:[((\xdc\x85\xf4\xb0\x8a\xa4\xa7-\
\xa6\xab\xab\x8ds\xe7NkM^1\x9bCIJ\xcc\
F\x01?U\xb86k\xedx\x1b\x89!\xa1\xd6o\x82\
X\xb8`\xfe*\x92\x922\xb5f\x8fH\x09o\xbd\xf5\
\x0723\x97\x11\x1a2Ck\x06\xa0\xb8d\x1f\xbd}\
\x9d|\xfd\xe9\xff\xe3\xf5X8U|}}\x997w\
)'O\x1d\xc4\xd6\xda\x88\xdb=\xc0\xb5k\xd5\xd47\
\x94RS[\xcc\xa5K\x85\x94\x96}\x82\xd3\xe9\xe0\xca\
\xd5z\x16-\x5c\xe3q\xdb\xa3Goo\x0f\x97+\xcf\
!\x91\x1d\x9dv\xdb{Z\xbb\xc7\x91\x08b\x0d@J\
\xca\xf5\xadj\xa5e\xc5\x0c\x0e\x0e\x12\x1f\xa7?\xba\x1a\
\x1a\xcb\xb8z\xad\x8a\xaf<\xfe=\x8cF\xfdS\xc5\x8d\
`4\x9a\xf8\xf2c\xdf\xa3\xa5\xa5\x96\x0b\xa5\x87\xe9q\
v\xe0\xef\x1fLLt\x06s\xe6\xaca\xf5\xaa'x\
\xf0\x81m\xb8\x06]\x94W\x9c\xd3^\xee\x95\x94\xe4\xa1\
A$\xa4\xd0\x9d\x0b\xbc\x8c\xc4\x88_\x800\xcd\x88\x8a\
'2*\x06\xe3\x14s\x1a\x1f\xec{\x93\xc8\xc8d\xdd\
\xcd\xb1\xcb\xd5\xcf\xd1O\xde\xe0\x81-\xcf\x10=\xd3\xf3\
\x09\xe4ZK#G\x8f\xbe\xc7\x07\xfbv\xf0\xe1\xc7;\
8r\xf4}\xce\x9e-\xa0\xad\xfd\x0afK\x18A\x81\
f\xed%0<\x22#\xad39\x7f\xa1\x90eK\xbf\
@dd\x12!\x96(\x02\x03,\x98L~\xc3[\x22\
IU\xd5y\xf2\xf2\x16i/\xd7\xc5\xe1h\xa3\xa0\xf0\
c\x1a\x1b\xab\x11BU\x1c\xf6\xd6\x9fk}<\x8ah\
\x09\x8d\x8c\x13\x88\xf9\x97+\xcfq\xe6\xccQ\xcc\xe6P\
\x8f\xc7\xb9\x11\xfa\xfb\x07x\x7f\xcf_X0\xff^|\
||\xb5f\xca.\x1e#(\xc8\xc2\xeaU\xf7jM\
0\xbc\xb9\xde\xb3\xf75\xde\xf9\xfb\x9fih\xa8\xa2\xc7\
\xd9\x89\xdb\xed\xc6\xedv\xd3\xe3\xec\xa4\xa1\xb1\x8a\xd3\xa7\
\x0f\xd2\xd3\xd3MJJ\xb6n\x18,<<\x8a\x9a\x9a\
\xcbtv\xb6c\xb5N\xdc\xd2\x04\x05\x86p\xbah\x0f\
K\x97l\xf0\xbae\x93Rr\xfc\xd3}\xbc\xf1\xd7\xdf\
P_\x7f\x99\xe1r\x94\x7fu\xd8m'\xb4\xbe\x1e{\
q\xd8m{-\xa1\xd6R\xa1\x9210\xd8\x1fUZ\
v\x9a\xc1\xc1~RS\xf4\x1fS\x80\xf2\x8a\xb347\
\xd7\x93\x9e6\xf1.\xab\xaa\x8b\x13\x85;\xd9r\xff\x93\
\xe3N\x06#\xb8\xdd.^y\xf5\xbf\xb8Pz\x12U\
e@\x08\xf9\x9c\x90\xf2\xdb}\xbd\xc6\xef\xb8\x06\x95\x9f\
\xf9\x18\xdd\xef!E\x9f[%\xaf\xa9\xb9\xda\xd0\xd0P\
\xc9\x9c\x9cE\xbaB\x86\x85Fr\xe8\xc8\xdb\x84\x84D\
\xd1\xdd\xd31\xee\xa7\xaf\xaf\x9b\x96\x96Z\x22\xc2c\xb0\
Z\xf5\xe7l)%\xbb\xfe\xfe\x12\xc7\x8e\xedAUU\
P\xd5\xddH\xf9H]\xed\xc5]Z_\xbc\x89\xc8\x90\
\x90e\x0e\x87\xed\x05Khd\xa3TY\xdf\xd0p\xd9\
\x18\x10\x10Dll\x8a\xd6\x15\x80\x82\xc2\x83(\x8a/\
3gL\x0c\x81]\xb9ZIOO\x07kVo\xd1\
\x9a\x00\xd8\xb3\xf75.\x94\x9e\x04d\x93\x82XUW\
[\xf6\x17\xbb\xbd\xb5\xa9\xa7\xe7\xda`O\xcf\xb5A\xbb\
\xbd\xb5\xc9\xe1\xb0}\x10\x1ab\xdd\x8d`sG\x87-\
\xb8\xbf\xbf\x97\xb4Ys\xb4]a\xb1\x84RRr\x82\
\x86\xc6\x8b8\x1c6Z[\x1b\xc6\xfd\x0c\xba\xfa1\x1a\
}IO\xd3\xdf\xfb\x1e;\xfe\x01\xc7\x8e\xefEU\xe9\
\x14R\xddRWw\xf1\xdf\x1c\x8e\xd6\xa1\xa3\x92\x0e\x13\
o\xe3Dd}M\xe9KB\x91\x8f\x03|\xf4\xd1[\
8\x9d\xddZ\x1f\x00l\xb6&\xc2\xc3b\xb5\xcd\x00\x5c\
\xb9RIRR\x96\xb6\x19\x86\xe7\xc0S\xa7\x0f\x0e\x8d\
@)6\xd6\xd6\x96\x9e\xd5\xfa\x8cPWWV\x82*\
7\xa9*\x03\x85'?\xa6\xc5\xa6_\x11\x92\x9c\x9c\xc3\
\xcc\x19\xb3\xb8s\xe5\xe3\x13~r\xb2W\xd1\xda\xaa_\
\xee\xe3tvq\xe8\xf0;\x00(\xa8_\xac\xab\xbb\xf8\
\x81\xd6G\xcbTD\x04\xa0\xbe\xa6\xeco\xaad\xef\xc0\
`?%%\xc7\xb5f\x00\xec\xf6V\x82\x83\xf5s*\
v\xfb\xd5\xd1UNKQ\xd1aTU\xa2(\xf2\x05\
o\x02\x8ePWw\xb1X\x11\xfcIU%\xa7O\x1f\
\xd5\x9a\x01HI\xce\xa0\xbd\xbdY\xdb\x0c@pp8\
\xed\x1d-\xdaf\x00\xce\x9d/``\xa0\x1f\xa4\xdc3\
\x15\x01\xb9\x1e\x11\x19:\x06\xed\x04<\x96y\xf4\xf5\xf7\
`2\xe9\xef\xfb\xba\xba\xdb\x08\x0b\x8b\xd46\x03PY\
U\x0aC\x1ff\xbb\xd6\xe6\x11\xe9~\x1d\xa0\xaa\xea\x82\
\xd6\x02\xc3\x0bLwO\xfbH\xbey\x1c\xbe\xbeA\x0c\
\xf4\xeb\xa7r\xeb\x86\x16\x11P\xd0=\xe2\xe9q]\x22\
\x0a\xe9.\x05\xe8\xe8\x18*Y\xd3\xe2\x1a\xec\xf7(\xe2\
\xc0@?\x16K\x88\xb6\x19\x00\x87}(\x02\xdf\xed\x8f\
\xfe\xdd\xd1\xc1\x19\xa8\x5c\x00\xe8\xb0\xb7jM\x00X,\
!\xf4\xf6v\xf1\xce\xbb?\xe7\xa3\xfd\x7f\xe2L\xf1\x07\
\xd4\xd6\x9d\xa3\xab\xbb\x0d\x93\xc9D\xff@\xbf\xf6\x12\x00\
\xba\x86#\xde\xaa\x94\xba\xc1\x06=\xaeK\xc4A\x85v\
\x00\x97[\xbf^r\xc1\x82\xcd\xba[\x1b\x00!\x86V\
==\xf4[\xbdc\x19\x18P\x18\x0eY\xe9!\xa5\x8a\
\xa2\x18\xd9r\xdf\x0f\x98\x9b\xb7\x9e\xc0\xc0\x10\x9a\x9b+\
8t\xf8U\xde\xdb\xfdk\x84\x87\xbf*\xe5Pa\xad\
\xa2z\x08\x0d\xe9p]\x22\xfa\xa8\x86h\x80\xc0\x80\x89\
a-\x80\xe4\xa4\x89+\xe5\x08&\x93\xffh\xd1\xa5\x96\
\x90\x90p\x00\x02\x9dr\xca\xc7\xa3\xc1A\xbfl\x80\x10\
\xcb\xd0\xb5Z\xda\xdb\xdb0\x99|1\x18\x8cX#\xe2\
IO[\xcc\x92\xc5\x0f\xb1y\xd3wY\xb5\xf2q\x8c\
>&\xed%\x00\x04\x05\x0d=-B\xc84\xad\xcd\x13\
\xd7%\xa2\x14\xea\x1a`\x5ce\xeaX\x0c\x06\xcf;\xa6\
\xa0\xc0P\xda\xdb\x87\x93C\x1aRS\x87\xf6\x9eR(\
\x8fjm\x9e\x90B}\x0c\xf0\x18\xa2\xb3;Z\x09\x0e\
\xd2\x17\xd8\xad\xba\xf1\xf3\xd3\x8fJ\x8dd(U\xc1\x9d\
Z\x9b'\xa6,\xe2\xcc\xb4\xb4\x08\x10\xff\x00\x90\x93\xb3\
Pk\x06\xc0\xd7\xd7\xf3Y8,,\x86\xaaj\xfd)\
o~\xfeJ\x14E\xa0\xaa|=!!+Ok\xd7\
\x12\x1f\x9f1OJ\xf9\xb4\xa2\x08\xf2\xe7\xe9G\x8a\xaa\
\xaa\xca\x89\x88\xd0\xdfn9\x9d\x0e,\xe6\x08m3\x0c\
\xffo\x8aP\x10\xaa|0.y\xb6\xe7\xfc\xeb\x18\xa6\
$bBBn\x88i\xc0\xf0w <5%\x9b\xc4\
\x84t\xad\x0b\x00\xbe\xbe\xfa\x8f\x08\xc0\xcc\x19\xa9TV\
\xe9\x1f\xfc#\xad\xb1\xdc\xb1`\x0d\x8a\x82\x09\x85=\xde\
\x84\x8c\x8f\xcf\x98'\x0c\x86\xdd\x8a\xa2\xf8,Z\xb8\x96\
\xc8\xc8\xcfr6c\xb9\x5cy\x96\x98\x18\xfd-UD\
x\x1c\x0b\xe6\x0f\xe5\x8b\xb4X\xcca,Y\xb2\x1e\x14\
\xc5\xa8H\xf9nR\xd2l\xcfs\xd40\x9e\x9f\xbf!\
\x94\xf8\xc4\xec\xc7\xa4\xa2\xbe)\x84\x98c\xb1\x84\xf3\xf8\
\xa3\xdf\xc3\xd7W\x7f\x05\x06\x89\xdd\xae\xbf\x11\x0f\x08\x0c\
\xe1\xc2\x85\xc3\xa4\xa6\xcc!8x\xb8\xc0h\x0c))\
\xd944T\xd2\xd1a\x0bV\xa5x*4$2*\
$$\xcan\x8a\x89\xb0\x07Z\xad&k@T\xbe%\
4b\x9b\x84\xe7\x85\x10\x96\x94\xe4\xd9<\xb8\xf5\x19\xdd\
<KSS\x1d\xa7N\x1fdn\xde\x06\xdd\x85\xc7\xc7\
\xc7\x8f\xe4\xe4$\x8f\xb9\xe9\xa4\xa4\xcc\xd1\xcf\xe2\x86'\
CB\xad\x11a\xa1Q%v{K\x8f\xd6\x17o)\
\xd3\xd8\xa4\x9c\x1c\x83\xaa\xbe\x81\xc2l\x80\x98\xe8$\xbe\
\xf4\xc8\xb7\xb1X\xf47\xd3\x00\xaa\xaar\xe2D!\xc1\
\xc1\xe1\xbay\x8f\x8b\xe5\xc7\xe8\xeaj\xe1\xa9'\xbf\xaf\
5\xc1\xf0\xf9y\xdf\x87;(<\xf91\xaa\xaa\xbfz\
*Ba\xd1\xa25lX\xff\x88\xc7\x00\xc2K/\xff\
\x82\x10K4\x19\xe9\x13k\x97T\xd5EWW;K\
\x96,\xd4\x15x\x04\xb7{\x90\xdd{\xb7s\xfa\xf4\xa1\
\xe1]\x85\xda\x83\xaa|\xad\xae\xaet\x87\xd6W\xffS\
\x00\xa1!\xe1\xbbP\xc4|\x8b%\x8c\xb5k\x1ed\xf3\
\xe6''-\x93\x13Bp\xf8\xe8\xdf\xe9\xea\xea\x98\x90\
l\x97R\xd2\xd7\xdf\xc3\xb9\xf3\x87\x88\x8dM'<|\
bNDQ\x14\xd2f\xcd!;{\x01\x06\x83\x0f\x03\
\x03}\xb8\x06\x070\x1a\x8cD\x84\xcf /w)\xf7\
\xdf\xf7\x14yy\xcbtG \xc0\xa5\xcb\xa5\x9c.:\
\xc4\xe2\x85[t}.].\xe4\x9a\xad\x8a\xbc\x5c\xfd\
y}\x04E1\x90\x91\x9e\xc7\xac\xd4\x1c\xba\xbb\xed\xb4\
\xb5\xb5\x98T\xc1\xb2N\xbb\xed\x97Z_\x8f\xb7\x22.\
)\xb3DA\xc9}\xfak?$!~\x96\xd6\xec\x91\
\xcb\x95e\xbc\xbd\xf3\x056\xdd\xf3m\x84\x10\xf4\xf5u\
SS[LeU\x11\xbe\xa6\x00\x22\xac\xf147W\
\xf0\x8dg\x7f\x8c\xd9\xac\xbf\xf9\xbeQ\xba\xba\xec<\xf7\
\xfc\x8f\x98\x9b\xbb\x9e\x98\x98\x89e,\xaaT\xd9\xbd\xe7\
\xb7<\xfc\xd07IM\xd1\x9f\xd7\xf5hii\xe2\xb7\
\xbf\xdf\x06\xd0\x5cWS:a\x12\x9ex\xab\x86Q\x10\
G\xf0r\xac\xf2DjJ\x16A\x81!\x5c(=\xc4\
\xf1O\xdfb\xef\xbe\xe7\xe8\xe9\xb1\xb3t\xc9\x17X\xb7\
\xf6\x19\xe6\xe5m zf\x1a\xaf\xbe\xfek\x5c\xae[\
V\xdd\x86\xcb5\xc8+\xaf\xfe7\x89\x09\xb9\xba\x02\x02\
46\x5c$88\x94\x94\xe4\xa9\x0b\x08p\xe9\xf2\xd0\
\x82(\xe1c\xad\x0do\x22\xa2\xf2\x01@E\xc5h\xd1\
\xd4\x94\x10\x02\x96/\xdfH\xd9\xc5O\xb0Z\x13\xd8\xbc\
\xe9;\xcc\xcf\xbf\x97\xb0\xd0\xcf\x92]s\xf36\xe0c\
\xf4\xe3\x85\x17\x7fzKj\xba\xbb\xba\xec\xbc\xf0\xc7\x9f\
\xe0\xeb\x1b\xcc\xec\xec\x95Z\xf3(\xdd=\x1d\xacZy\
\xffu\xe5W\x00.\x0f\x8b(T\xf6imx\x15\x91\
\x9e\xc3\xaa*\x1dM\xcd5\xb4z\x0e\xa5\xe9\x92\x97\xbb\
\x90\xa4\xc4\x1c\x06\x06\x9c\x18\x8d\x13\x8f\x81\x0d\x0de\xd8\
Z\xeb\x91\xaa\xe4\x0f/\xfc\x88\xcb\x95C\x01\x88\x1b\xe1\
\xd2\xe5R\x9e{\xfeGDD$\xb0x\xd1\x16o3\
\x14\x0b\xefX\xc7\xec\xd9s\xb5\xcd^\xe9\xec\xec\xa0\xa6\
\xb6\x0c\x15\xfa\xc0\xa8+\xa2\xc7\x85\xc5\xe1p\xb8B\xc3\
\x22\x93\x81|\x93\xc9\xef\xba\x13V\x89\x89\xe9|\xf8\xd1\
v\xac\xd6\x04\x02\xfc\x87r\x22}}=\x14\x14\xbeC\
c\xd3E\x96,~\x90\xac\xcc\xe5\x04\x04X\xd8\x7f\xe0\
\x0d._.#*2\x0e\xb3y\xe2\xf6G\x8f\xa6\xa6\
:\xdez\xfbEN\x17\x1db^\xde\x06RS\xe6{\
\x15\xd0`P\x88\x8f\x9f\x81\xc1\xe0e\xdc\xe8Px\xf2\
\xc0p\x94I\xee\xac\xaf\xbd\xf0\xba\xd6\x8e7\x11\x01,\
\xe1\x91mB\xf2\xd5\xb6\xf6k,Z\xb8\xd6\xe3\x96B\
\x0f\x7f\xff\x00\x02\xfcC8|d\x07\xf1q\xb3i\xbe\
r\x89c\xc7\xff\xca\x8c\x19),Y\xbc\x95\xc0\x80\xa1\
E\xc5l\xb6\x92\x98\x90K\xc9\xd9\x8f9y\xeac\x8a\
KN\xd0\xda\xda\x8a\xdb\xedbp\xd0\x85\xd1\xc7\x07\x97\
k\x10[\xcbU\x1a\x1a\xab)(<\xcc\x9e\xbd\xdb9\
u\xfa \xb11Y,^\xb8\x05\x8bE?\xc4\x06\xe0\
\xec\xedd\xff\xc1\x97\xb8c\xc1\x0aBB\xa6v\x83F\
p\xab*\xbb\xdey\x91\xbe>'B\xc8\x1f8:Z\
\x87\xe3d\xe3\xf1|\xeb\x86IH\xc8<\x85\xa2\xcc\xbf\
\xef\xde'X\xb0\xe0.\xadyR>\xfa\xf8]\x0a\x0a\
\xf7\x10\xe0o\xe6\x8e;\xb6\x8c\x9b\x1b\x01\x9cN;G\
\x8f\xed ,t&\xf9\xf36\xd2\xde\xd1Lc\xe3E\
*.\x9d\xc0\xdf?\x98\x81\x81^\xa4\x04\x93\xc9\x97\xe0\
\xa0p\x22\x22\xe2\x88\x89\xc9 <,\xd6\xeb>\x8f\xe1\
\x91\x7f\xe0\xd0\xcb\xcc\xcd]\xc1\xbau\xfai\x09o\x9c\
;\x7f\x82\xb7\xfe\xf6<*\xb2\xa2\xa1\xa6,\xcb\xd3\xbb\
\xd3\x93\x0e-KXT\xbb\x80\x87m\xadM,\xbcc\
\x8d\xee\xde\xcb\x1b\xc9\xc9\x19\xb4\xb5\xb5cw\xb4\x92\x9a\
2\x7f\x5c\xa8\xcc\xd6Z\xc7\x91\xa3\xdb\x99\x95\xba\x90\xdc\
9\xabQ\x14\x85\xc0\x00\x0b\x9d\x9d6@\xb0a\xdd\xb3\
dg\xad ;k\x05\x19\xe9KIN\x9a\xcb\x8c\xa8\
\x14\x02\x02,\x93\x0a\xd8\xdb\xdb\xc5\xe1\xa3\xaf\x91\x99\xb1\
\x80{\xee\xf6Ve\xab\x8f\x94*o\xef|\x91\xeen\
\x07 \xb69\xec\xb6\x22\xad\xcf\x08\x93\x8a\xe8\xb0\xdb*\
BB#\x1f\xea\xeduZ\xfd\xfd\x03\xbd\xd6a\xeb!\
\x04de\xe6\xd1\xd3\xdd\xc3\xb1Ow\x11\x11\x1eC@\
\x80\x85\xaa\xea\x22N\x17\xedf\xd1\xc2\x07HL\xf8,\
\x12\xd3\xdb\xdb\xc5\x89\xc2\x9d,[\xf20\xbe\xbe\xde7\
\xf7\x9ehi\xa9\xe1\xc8'\xaf3'g\x19\x9b6>\
\xac5\x8f\xc3\xad\xaatuu\xa0\xbaU|\xc6\x84\xc7\
JJ\x8e\x8f\xe4}\xea}\x8d\xfdO{{\xe9\xdc\xfb\
\xed\x1c&!!\xf3n\x14e\xaf\x9f_\x00O>\xf1\
\x03\xaa\xaa.p\xb1\xbc\x98\x8e\x0e\x1bNg'AA\
!$$\xa43?\x7f\x05)\xc9\x9eS\xaa\xe7\xce\x9d\
\xe2\xdd\xf7\xffLXX4==v\x96/{dB\
\xb8\xeaD\xc1N\x02\x03C\x98\x93\xa3\x1f \xf0\x86\xdb\
\xed\xe2b\xf9q\xaa\xaa\x8b\xd8\xbc\xe9)rr\xe6i\
]`\xf8\xf4T^~\x86\x82\xc2\xfd\xd4\xd4\x96\xa3\xaa\
C\xfa\x04\x04\x04\x91\x90\x90\xce\x9c\xd9\x0b\xd9\xf7\xe1_\
qtv\x00\xf2\xd1\xba\x9a\xb27\xb4}\x8ceJ\x22\
\x02\xc4%e\xefU\xe0nm\xbb\x96\x8c\xf4\xb9<\xb8\
\xf5\xeb\xf8\xf9\xe9\x8f\xa2\xb66\x1b\xef\xbd\xff:-\xb6\
zr\xb2W\x11\x17\x97=\xfah\xdalu\x9c(|\
\x87{6|\xf3\xbaJL\xa4\x94\xd4\xd6\x9d\xe3\xfc\x85\
CDE\xc6q\xff}O\xe8\x1e+\x19\xae\xab\xd9\xb9\
\xebE\xca+\x8a\x87\x1aT\xd5\x85\x22\xae\x81\xf0\x07\xc6\
\x05\x06T(h\xa8)]2Y\xf0}\xea\x22\xc6\xa5\
GcT\xb6+\x88YHq\x18\xa9\xbe\xed\xe33x\
\xb0\xb2\xb2\xb23113AEyXJ~\xa8(\
\x04[\xad3\xf9\xea\x93\xffLP\x90~\xb9\x07@i\
\xe9Y\x0e\x1c\xfa\x1b}}N\x92\x93\xe6\x11\x1f\x97\xcd\
\x91\xa3\xdb\xc9\xc9YE\xac\x87\x10\x96\x16\xa7\xd3A]\
\xfdyjjK\xf0\xf7\x0bb\xed\x9a\x87\xc8\xc8\xd0\x0f\
\xd2\x02\xf4\xf5\xf5\xf2?\x7f\xf9\x0f\x9a\x9ak\x00\xda\x80\
\x7fE5\xbeQWw\xd6\x0e\x10\x93\x9a\x13kp\xbb\
\xef\x17*\x9b\xa5\x10\xadn\xa3\xf2\xbf\xa7\xf2\x96\xfe\x94\
E\x9c\x0a1\xc9\x99\xb3\x8cn\xb1\x13E\xe4\xc4\xc5\xa5\
\xf2\xb5\xaf\xfe\x8b\xd77\xee\xa5\x84\x9a\x9aK\x14\x14\xee\
\xe7re1n\xb7\x9bY\xa9\x0b\x08\x0d\x9d\x89\xd9l\
\xc5\xcf\xd7\x1f\x1f\x9f\xa1\xb0\xdb\xe0\xe0\x00\x06\x83at\
\x9e<\xfe\xe9[\xb4\xd8jIM\xc9c\xde\xbce\xa4\
\xcd\x9a=\xe9I\xe4\x8d\x1d\xbf\xa1\xac\xac\x08\xa9r\xd9\
h\x90k\xaa\xab\xcb\xea\xb5>7\xc2$\x7f\xf6\xfa\x89\
\x8d\xcd\x8d\x11\x86\x813\x8a\xa2Dn\xbc\xe7q\x16/\
Z\xabu\xd1\xc5\xe5vSS]AU\xf5E\x1a\x1b\
\xab\xe9q:\xe8\xeb\xeb\xa1\xbf\xbf\x07)%>>&\
\x22#\x13Y\xbb\xfa\xcb\xf8\xf9\xf9\xd0\xdf\xdfILL\
\xec\x94_\x1e/\xaf(\xe1\xf5\xed\xbf\x02T\xa7[\x11\
\xb9\x8dUeS\xce\xe6M\xc6-\x17\x11 .1k\
\xb3\x22\xc4\xbb!!V\xfe\xe9\xbb\xff5\xe9v\xe4\xf3\
\xe0/\xaf\xfc\x9c\xca\xaaR\xa4\xe4\x07\xf5\xb5\xa5\xbf\xd0\
\xdao\x06\xcf\xcf\xdaM\xd0P[\xf6>\xaa\xdah\xb7\
\xdb\xae\xfb\xdc=\x1d\xa8\xaa\x9b\x9a\xdaK\x00\xb8\x8d\x8a\
\xd7\x95\xf6F\x98\x16\x11\x01\xa9*\xcay\xc0c\x9a\xf4\
\xf3\xa4\xbb\xbb\x13\xb7{\x10\xa9J\xdbT\x16\x8a\xebe\
\xbaDD\xa0*\xe09\xb9\xfey2R~'\x149\
\xf5W\x07\xae\x83\xe9\x12Q\x91*y\x00\x16\x8b~j\
\xf2\xf3$00x\xf8\xfdA% >>'Yk\
\xbfY&=\xf6\xdd\x08\xf1)\xd9\x8b\x15\xc4?\x06\x06\
\x9aY\xb7\xf6\xe1\xeb\x1e\x8d\xaa*\xb9t\xf9\x1c'O\
\x1e\xe4\xe4\xa9\x03\x9c?_@Mm9\x03\x03\xbd\x84\
\x85Ey-\x12\xd0C\x08A]\xfd%\xda\xda\xae\x81\
\x90\xcd\x0e\xbbM\xbf\xac\xed\x06\xb9\xbeO3EBB\
\x22\x9f\x06V\xe6\xcf[Az\x9a\xfe{,\x9e\xa8\xac\
<\xcf+\xaf\xfe'\x85'\xf7\xd3\xd0XIk\xeb\x15\
Z[\xaf\xd0\xdc\x5cCi\xd9iN\x9e:\x80\xaf\xaf\
?1\xd1I\xd7us\x86\x8e\x84g\x10\x12\xe1p\xd8\
^\xd3\xdao\x86\xe9\x1114r1\xb0\xba\xbd\xc3\x86\
\xc9\xe4K\xf4\xcc\x84)E\x7f>=\xf1\x11o\xef\xfa\
#\xbd\xbd=HUm\x00~%\xa4\xfc\xad\x14\xecB\
\x8asBJ\xab\xcb=\x18u\xe9\xd2Y::ld\
f\xce\x9bTHU\x95\x9c)\xfe\x84\x03\x07w\xd2\xdf\
\xdf\x87\x0a\x05\x9dv\x9bn\xd9\xf0\x8d\xe2\xfd\x13\xdc \
\xc9\xc9\xf9\x16\x97t\xbe%P\xd6\x01\x84\x87\xcfd\xc5\
\xf2\x8d\xe4\xe5.\xc6`\xd0?\x13\x97\x95\x15\xf1\xd77\
\x7f;\x9c\xe3\x95?A\xed\xf9\xa9\xce\xd7\x0b\x88\xf8\xc4\
\xec\xc7\xa4\xe4O\x8a\x82\xef\xf2e\x1bY\xbf\xee\x0b\x1a\
\x97!T\xd5\xcd\xf9\x0b\x85\x1c9\xb2{\xb4\x9aVE\
\x9ePT\x1e\xa8\xab+\xbb\xa5\xfb\xaei\x11q\x84\xb8\
\xa4\xec{A\xfd\x85\x82\x92\x01\x10\x1c\x1c\xc2\x82\xf9\xab\
\xc8\xcd]BxX\xd4\xa8___/\xff\xfd\x9b\xff\
EOO'R\xf2\xc3\xfa\xda\xd2\x9f\x8c\xedGKb\
b\xf6:)\xe4^!\x14\xc3\xb3_\xff11\xd1\x9f\
}S\x8b\xc3\xd1Fq\xc91N\x9d>\x8c\xc31\xf2\
\xcd\x03j5\xaa\xf2\xcfuu\xa5oN\x16L\xb8\x11\
\xa6UD\x18\xfev\x92\x06\xdbCH\xf1}`46\
\x15\x17\x97JzZ.\xa9)9TU\x97\xf2\xf1\xfe\
\xbf\xa1BICMi\xbe\xa7\x08\xf2X\xe2\x93\xb2\x9e\
\x17\x88gg\xcd\x9a\xc3\xba5\x0fQYu\x81\x8a\x8a\
\x12\xea\xea/}V\x07))E\x91\xbf\x0c\xf4c\xbb\
\xb7\x97\xbeo\x96\xe9\x17q\x0c\x89\x89\xb3W\xaa\xc8\xaf\
H\xc9VEab\x88GU\xef\x99j\x9dtjj\
\x9eu\xd0\xdd_\x01\x8a\xe6}\x0e\xd9\x8b\x14\xbbT!\
^i\xa8\xb9\xb0\x7f:F\x9e\x96\xcfU\xc4\x11bc\
\x17\xf9\x0bc\xe7Z\x05\xb1N\x15r\x8d\xa2\x8a\x18)\
\xf8}}m\xe96\xad\xaf7\x12\x12\xb2\xef\x94\xf0s\
\xa9\xa8\xc1B*\x05\x08\xf6\xf8\x9b\x5c\x1fM\xf5{i\
os\x9b\xdb\xdc\xe66\xb7\xf9\xff\x92\xff\x0b\xaf<\x7f\
\xb9\xb1\xbd\xf4<\x00\x00\x00\x00IEND\xaeB`\
\x82\
\x00\x00\x04\x98\
\x89\
PNG\x0d\x0a\x1a\x0a\x00\x00\x00\x0dIHDR\x00\
\x00\x00@\x00\x00\x00@\x08\x06\x00\x00\x00\xaaiq\xde\
\x00\x00\x00\x09pHYs\x00\x00\x0b\x13\x00\x00\x0b\x13\
\x01\x00\x9a\x9c\x18\x00\x00\x04JIDATx\x9c\xed\
\x94\x7fL\x94u\x1c\xc7\x8f\xad\xb9\xf5W\x7fV\x9b\x9b\
J\xcfs>\xcf#\xf1<\xe7\xa5\xf5GuSkP\
6\xe7\x8f1e5\xfe\xb0\x969'\x15\x9a\x8aV\x92\
\xb3\x1d\xae\xcc\xa1\xd5r\xb5\x22c\x80\x22\x8a,8\xbc\
C\x88\x0b\x1c\x918\xf4B\xba\xcc\x08!\x5c\x0c%T\
8\xee\x07\xf7n\xcf\xe1\x1d\xc7q\xf7\x1c\xc7=\xf7\x1c\
p\xdf\xf7\xf6\xf9\x87\x1b\xcf\xf3y\xbf\xde\xcf\xe7\xadR\
\x11\x11\x11\x11\x11\x11\xcde%\xf14\xf3\xa6*\x11\xa5\
Y\xc8.\xe0)\xc6$\xd0,T\x89\x98\xba@\xb1w\
E\xf3\x09\x05@\xe3\x97\xba\xff\xa8\x121u!Q\x00\
hB\xa4\x9e\x08\x00\x92\xa4R\x8f\x1b\x00-\xc3<\xce\
q\xdc\xbcx\xa5\xfeT\x8a\x10?\x00\x02\xcdd\x09\x14\
sO\xa0\x99\x01\x81b\x8f\xa7\xaa\xb9g\x95L\xfd\x85\
W\xd6\xe2\xdd\xa2\x93\xca\x03\xd0&'?\xc2Slq\
\xb0\xa5x\x8a\xb9\xc6S\xcc\xeee\x0b\xb8\xc7b\x96\xfa\
\x93\x1a\xbc\xf6~\x1er\x7f<\x8f\xdc*\xa3\xb2\x00\xf8\
'\x16\xaf\x10h\xa6;\xdc\x1d\xf24\xeb\x1a3\xc0d\
=3\x7f\xfe\xc3r\xa5\xbe2m5\xde.,\xf6\x18\
\xf7\x8e\x22\x00t:\xddC<\xcd\xe6\x89\xc6\xc2\x99\x9f\
<S;\x11\xa9\xd4\xb5KR\xb11g\x17\xf6<H\
]Q\x00B2K\xf3\x14\xd3\x12l1\xdd\xca4d\
\xe5\x1dD\xda\xba\x0ch\x16/\x09\x0f\x83b\xaf\xa6\xaa\
\x99\x9c\x94E)\x8f\xfa\xbd\x22\x89\xa7\xb9-\xa1R_\
\xb5z-\xde\xf9\xa1t\x92qE\x00\x08\x14\xfb\xfaX\
\xd1M|\x89F\xcda\xfd\xd6l\xec\xa94\xf8\x16\xc9\
)-\xc7\xa6\xf7r\xf1\xdc\xf3\xab\xc2\x82\xe0)\xc6)\
\xd0l%Oq\xafJ5\xbc\xff\xad+\x0a@+Q\
t\xcb\xb5O\xe3\x8d\xc3\x05\x92Km\xff\xe6\x04\xd6\xbf\
\xb5\x1d\xcb\x97.\x8b\xf0\x5cB\xdf\xbab\x00x\x89\xa2\
K\xdf\xb0\x09;\xcb\xceNi1qvW\x1a\xb0\xf9\
\xd0gH\xcf\xc8\x84\x86I\x09k\x5c\xea\xd6c\x0e@\
'QtK9\x1e\x99\xbb\xf6My\xa9`\xb3\xa3\xac\
\xc2\xf3I\xebV\xbc\x18u\xea\xb2\x03HU\xab\x17\xf1\
4\xdb\x14\xaa\xe8\xb2\x0b\x8b\xa22/u\x22\xd3I]\
V\x00B\x04E'\xf7\x88'\xb2\xa3\xf4LT\xcf\x88\
\x1e\x00=\xbd\xa2\x9b)#;\x80\xf4\x08\x8bn\xce\x01\
\xc8\x9d\x01\xa6\x08\x80\xaaY\x00`_\xb5\x09{\xabM\
\x89\x07\xe0\xc3\x9aZTX\xae\xa1\x7fh\x08\xb7\x87\x86\
Q\xd9\xde\x81\xfd5\x17\xe2b\xfe\x03C\xadr\x00\x0e\
\x18\xeba\xb4\xfe\x89\xfbv;\x02es8\xd1p\xa3\
\x13\xf9\x17\xcc\x8a\x18\xcf;_\x87\xea\x0e+\x06m#\
\xb1\x07p\xa8\xce\x8c\xa6\xce.\xd8].\x9f\xe1\xde~\
+\xce6~\x8cr\xf3\x01\xdc\xec\xb3\xf8\xfe\xeer\xbb\
\xd1\xf6\xcf-|\xde\xd8\x1c\x13\xe3\x07M?\xa1\xee\xfa\
\x0d\x0c;\x1c\xbew\xc6\x0c@\x81\xf9\x22.\xf7\xf4z\
Ly\xd5\xdd\xd7\x8e\xb2\x86\xfd\xd0\x17\xa7O\x98o\x0d\
\xdb`\xe9\xac\xc5\xe8\xe88\xa4\x9e\xff\x06q\xaa\xcd\xe2\
\xe9\x8ah\x8d{Cp\xf8\x85\xe0\xddEv\x00\xc7/\
\xb6\xa0\xe3\xdf>xm\xbb\xddn\x5c\xefiFaM\
\xf6$\xe3\x81s\xf4L&~\xb6\x14\xc1f\xbf\xeb[\
T\xec\x89\x9a\xdf\xff\xc0G\xc6\xba\x88\x8d\x7fZ\xdf\x88\
_\xba\xba\xfdB\x18\xdb\xe5\x841\xc7\xf7N\xd9\x01x\
\xe5p\xda\xf0\xab\xb5\x02_\x9e\xcb\x0ak<p\x0e\x9f\
Z\x07CK\x01\xfa\x07o\xfa\x9e7\xe2tzR\x14\
\xd3\x0cg\xfcXc\xb3\xe7\xeb\x1b}`\x5c\x0c\xa1\xa3\
\xcb\x8c\xaf\xab\xb6Lz\x97\xec\x00\x86l\x03h\xb8\xf2\
=\x8e\x9c\xce\x88\xd8x\xe0\xe4\x97\xbc\x14\xb2'\xbe\x08\
\xe8\x89\xbdUF|\xd7\xd2\x8a\xbfn\xdf\x19\x0f\xc15\
\x82K\xd6s\x92!\xc8\x0e\xe0\x93\x93k\xa26\x1el\
\xc4\x13j\xff\xbb~BOt\xde\x19@Qk\x1bJ\
._E\xef\xe0\xf8\xd9\xd8\xec\xf7\xd1\xf4[\x09\x0a\xca\
7\x86}\xae\xec\x00\xf410\x1f\xac'\x86\xfdz\xc2\
+\xf1\xeb\x13\x7f;rz\xc3\x94\x9f7\xeb\x00\xe8\x83\
\xf4\xc4\xc0\xbd[0\xb5~5\xad\xafo\xd6\x02\xd0\xfb\
\xf5D~\xc9\xcb\xd3\xfe\xffY\x0f@\x1f\xe5\x10\x004\
\x01\x00\x02\x80&\x00@\x00\xd0\x04\x00\x08\x00\x9a\x00\x00\
\x01\x10\xa9\x04\x02\x80%\x00\x04\x02\x80\x9d3C\x00D\
*a\x06,M\x00\xd0q\x04@DDDD\xa4\x9a\
\xfb\xfa\x1f`s\xd04\x10e\x9d\x9d\x00\x00\x00\x00I\
END\xaeB`\x82\
"

qt_resource_name = b"\
\x00\x03\
\x00\x00wG\
\x00p\
\x00n\x00g\
\x00\x0a\
\x05e\xd1\x07\
\x00U\
\x00n\x00K\x00n\x00o\x00w\x00.\x00p\x00n\x00g\
\x00\x06\
\x05>WG\
\x00O\
\x00K\x00.\x00p\x00n\x00g\
\x00\x0a\
\x0b\xaa\x0e\x07\
\x00d\
\x00e\x00t\x00e\x00c\x00t\x00.\x00p\x00n\x00g\
\x00\x08\
\x05\xe2Y'\
\x00l\
\x00o\x00g\x00o\x00.\x00p\x00n\x00g\
\x00\x08\
\x04\xd2YG\
\x00i\
\x00n\x00f\x00o\x00.\x00p\x00n\x00g\
\x00\x08\
\x09\xc5X\xc7\
\x00u\
\x00s\x00e\x00r\x00.\x00p\x00n\x00g\
\x00\x06\
\x05*WG\
\x00N\
\x00G\x00.\x00p\x00n\x00g\
\x00\x0a\
\x0a\xb36\x07\
\x00s\
\x00y\x00s\x00t\x00e\x00m\x00.\x00p\x00n\x00g\
\x00\x08\
\x08\xa4Z\x07\
\x00d\
\x00a\x00t\x00a\x00.\x00p\x00n\x00g\
"

qt_resource_struct = b"\
\x00\x00\x00\x00\x00\x02\x00\x00\x00\x01\x00\x00\x00\x01\
\x00\x00\x00\x00\x00\x00\x00\x00\
\x00\x00\x00\x00\x00\x02\x00\x00\x00\x09\x00\x00\x00\x02\
\x00\x00\x00\x00\x00\x00\x00\x00\
\x00\x00\x00h\x00\x00\x00\x00\x00\x01\x00\x00]\x95\
\x00\x00\x01\xa1\x15*8\xf6\
\x00\x00\x00\x94\x00\x00\x00\x00\x00\x01\x00\x00fl\
\x00\x00\x01\xa1\x15$\x94\x0b\
\x00\x00\x00&\x00\x00\x00\x00\x00\x01\x00\x00\x05[\
\x00\x00\x01\xa1\x15$g<\
\x00\x00\x00\x0c\x00\x00\x00\x00\x00\x01\x00\x00\x00\x00\
\x00\x00\x01\xa1\x15$\xe7\xb2\
\x00\x00\x00R\x00\x00\x00\x00\x00\x01\x00\x00\x11\x22\
\x00\x00\x01\xa1\x15(\xb1\xa6\
\x00\x00\x00\xc0\x00\x00\x00\x00\x00\x01\x00\x00\x89\x00\
\x00\x00\x01\xa1\x15 \x02\x86\
\x00\x00\x00~\x00\x00\x00\x00\x00\x01\x00\x00`\x8b\
\x00\x00\x01\xa1\x15\x1f/\x9c\
\x00\x00\x00\xa6\x00\x00\x00\x00\x00\x01\x00\x00k\xfa\
\x00\x00\x01\xa1\x155c\xe7\
\x00\x00\x008\x00\x00\x00\x00\x00\x01\x00\x00\x0a\x81\
\x00\x00\x01\xa1\x15 \xee~\
"

def qInitResources():
    QtCore.qRegisterResourceData(0x03, qt_resource_struct, qt_resource_name, qt_resource_data)

def qCleanupResources():
    QtCore.qUnregisterResourceData(0x03, qt_resource_struct, qt_resource_name, qt_resource_data)

qInitResources()
